﻿pos_x,pos_y,rotation,side,designator,mpn,pack,footprint,value,mount_type
173.54,-128.5,-90.0,top,A1,,,Pololu_Breakout-16_15.2x20.3mm,Pololu_Breakout_DRV8825,tht
155.1,-73.5,0.0,top,BT1,2999,,BAT_2999,Battery_Cell,tht
111.365,-138.5,180.0,top,C10,CC0805KKX7R7BB105,,C_0805_2012Metric,1uF,smt
198.265,-106.65,0.0,top,C11,CC0805KKX7R7BB105,,C_0805_2012Metric,1uF,smt
190.45,-94.0,0.0,top,C12,CC0805KRX7R9BB104,,C_0805_2012Metric,0.1uF,smt
130.55,-47.0,180.0,top,C13,CC0805KRX7R9BB104,,C_0805_2012Metric,0.1uF,smt
73.55,-48.0,180.0,top,C14,CC0805KRX7R9BB104,,C_0805_2012Metric,0.1uF,smt
90.5,-62.0,180.0,top,C15,CC0805JRX7R7BB274,,C_0805_2012Metric,270nF,smt
106.0,-40.0,180.0,top,C16,CL21B224KOCNNNC,,C_0805_2012Metric,0.22uF,smt
77.55,-49.0,180.0,top,C17,CL21B224KOCNNNC,,C_0805_2012Metric,0.22uF,smt
73.55,-44.0,180.0,top,C18,CC0805JRX7R7BB274,,C_0805_2012Metric,270nF,smt
93.0,-53.0,180.0,top,C20,CC0805KRX7R9BB104,,C_0805_2012Metric,0.1uF,smt
97.5,-60.45,-90.0,top,C21,CC0805KRX7R9BB104,,C_0805_2012Metric,0.1uF,smt
115.45,-36.0,180.0,top,C23,CC0805KRX7R9BB104,,C_0805_2012Metric,0.1uF,smt
93.5,-55.775,90.0,top,C24,CL21B224KOCNNNC,,C_0805_2012Metric,0.22uF,smt
90.95,-51.0,0.0,top,C25,CL21B224KOCNNNC,,C_0805_2012Metric,0.22uF,smt
121.45,-42.5,0.0,top,C26,CC0805KRX7R9BB104,,C_0805_2012Metric,0.1uF,smt
122.5,-46.975,-90.0,top,C27,CL31A107MQHNNNE,,C_1206_3216Metric,100uF,smt
117.25,-44.5,0.0,top,C28,CL21B224KOCNNNC,,C_0805_2012Metric,0.22uF,smt
125.05,-57.315,0.0,top,C29,CC0805KRX7R9BB103,,C_0805_2012Metric,0.01uF,smt
83.5,-122.0,180.0,top,C3,CC0805KRX7R9BB104,,C_0805_2012Metric,0.1uF,smt
125.05,-55.0,0.0,top,C30,CC0805KRX7R9BB103,,C_0805_2012Metric,0.01uF,smt
179.8,-136.7385,0.0,top,C31,EEE-FT1V101AV,,CP_Elec_6.3x7.7,100uF,smt
96.0,-74.47,-90.0,top,C32,CC0805KRX7R9BB104,,C_0805_2012Metric,0.1uF,smt
93.0,-74.46,-90.0,top,C33,TAJB476K006RNJ,,CP_EIA-3528-21_Kemet-B,47uF,smt
95.54,-96.7875,0.0,top,C34,CC0805KRX7R9BB104,,C_0805_2012Metric,0.1uF,smt
79.0,-98.3,-90.0,top,C35,PCE3882CT-ND,,CP_Elec_4x5.4,22uF,smt
95.5,-99.5,0.0,top,C36,TAJB476K006RNJ,,CP_EIA-3528-21_Kemet-B,47uF,smt
73.5,-98.3,-90.0,top,C37,CC0805KRX7R9BB104,,C_0805_2012Metric,0.1uF,smt
73.0,-83.0,0.0,top,C38,EEE-1HA330XP,,CP_Elec_6.3x7.7,33uF,smt
73.0,-75.5,0.0,top,C39,EEE-1HA330XP,,CP_Elec_6.3x7.7,33uF,smt
75.73,-139.255,90.0,top,C4,CC0805KRX7R9BB103,,C_0805_2012Metric,0.01uF,smt
73.25,-88.0,0.0,top,C40,CC0805KRX7R9BB104,,C_0805_2012Metric,0.1uF,smt
110.55,-40.0,0.0,top,C41,CC0805KRX7R9BB104,,C_0805_2012Metric,0.1uF,smt
72.73,-139.255,-90.0,top,C5,CC0805KRX7R9BB472,,C_0805_2012Metric,4700pF,smt
115.415,-132.5,-90.0,top,C6,C0805C102J5HACAUTO,,C_0805_2012Metric,1nF,smt
111.365,-133.5,180.0,top,C7,CC0805KRX7R9BB103,,C_0805_2012Metric,0.01uF,smt
107.415,-132.55,90.0,top,C8,C0805C102J5HACAUTO,,C_0805_2012Metric,1nF,smt
111.365,-136.0,180.0,top,C9,CC0805KRX7R9BB104,,C_0805_2012Metric,0.1uF,smt
201.9,-65.8375,-90.0,top,D1,SML-H12D8TT86C,,LED_0805_2012Metric,LED,smt
180.6,-58.258333,-90.0,top,D11,1N4448WX-TP,,D_SOD-323,D,smt
173.0,-58.229166,-90.0,top,D13,1N4448WX-TP,,D_SOD-323,D,smt
184.5,-58.2,-90.0,top,D15,1N4448WX-TP,,D_SOD-323,D,smt
173.0,-61.641666,-90.0,top,D18,LH R974-LP-1,,LED_0805_2012Metric,LED,smt
184.5,-61.6125,-90.0,top,D19,LH R974-LP-1,,LED_0805_2012Metric,LED,smt
196.4,-65.8375,-90.0,top,D2,SML-H12D8TT86C,,LED_0805_2012Metric,LED,smt
190.9,-65.8375,-90.0,top,D21,SML-H12D8TT86C,,LED_0805_2012Metric,LED,smt
207.4,-65.8375,-90.0,top,D22,SML-H12D8TT86C,,LED_0805_2012Metric,LED,smt
191.765,-128.8885,180.0,top,D25,1N4448WX-TP,,D_SOD-323,D,smt
187.765,-128.8885,0.0,top,D26,1N4448WX-TP,,D_SOD-323,D,smt
159.0,-125.0,0.0,top,D27,DFLS2100-7,,D_PowerDI-123,D_Schottky,smt
200.265,-128.8885,180.0,top,D28,1N4448WX-TP,,D_SOD-323,D,smt
196.265,-128.8885,0.0,top,D29,1N4448WX-TP,,D_SOD-323,D,smt
79.2,-34.0,180.0,top,D3,,,D_SOD-523,1N4148WT,smt
183.265,-128.8885,180.0,top,D30,1N4448WX-TP,,D_SOD-323,D,smt
179.265,-128.8885,0.0,top,D31,1N4448WX-TP,,D_SOD-323,D,smt
73.2,-69.5,0.0,top,D32,SMBJ40A-Q,,D_SMB,D_TVS,smt
72.0,-62.0,90.0,top,D33,B360A-13-F,,D_SMA_Handsoldering,D_Schottky,smt
108.0,-103.975,90.0,top,D34,LG R971-KN-1,,LED_0805_2012Metric_Pad1.15x1.40mm_HandSolder,LED,smt
105.5,-103.975,90.0,top,D35,LG R971-KN-1,,LED_0805_2012Metric_Pad1.15x1.40mm_HandSolder,LED,smt
103.0,-103.975,90.0,top,D36,LG R971-KN-1,,LED_0805_2012Metric_Pad1.15x1.40mm_HandSolder,LED,smt
146.0,-78.15,90.0,top,D37,,,D_PowerDI-123,D_Schottky,smt
176.9,-61.583333,-90.0,top,D5,LH R974-LP-1,,LED_0805_2012Metric,LED,smt
180.6,-61.670833,-90.0,top,D7,LH R974-LP-1,,LED_0805_2012Metric,LED,smt
176.9,-58.170833,-90.0,top,D9,1N4448WX-TP,,D_SOD-323,D,smt
181.765,-106.15,180.0,top,F1,0ZCC0050FF2C,,Fuse_1812_4532Metric,Polyfuse,smt
94.0,-103.0,-90.0,top,F2,0ZCM0008FF2G,,Fuse_0603_1608Metric,Polyfuse,smt
111.4525,-126.8625,-90.0,top,IC1,MAX9926UAEE/V+,,QSOP-16_3.9x4.9mm_P0.635mm,MAX9926UAEE_V+,smt
189.765,-123.3885,-90.0,top,IC2,ZXMS6006DT8,,SOT153P700X170-8N,ZXMS6006DT8,smt
181.265,-123.3885,-90.0,top,IC3,ZXMS6006DT8,,SOT153P700X170-8N,ZXMS6006DT8,smt
198.265,-123.3885,-90.0,top,IC4,ZXMS6006DT8,,SOT153P700X170-8N,ZXMS6006DT8,smt
127.0,-80.19,0.0,top,J1,,,PinHeader_1x04_P2.54mm_Vertical,Conn_01x04,tht
206.0,-36.5,180.0,top,J5,,,6437288-3,~,tht
79.4,-116.35,0.0,top,Q1,NVJD5121NT1G,,SOT-363_SC-70-6,Q_DUAL_NMOS_S1G1D2S2G2D1,smt
125.55,-37.65,0.0,top,Q2,NVJD5121NT1G,,SOT-363_SC-70-6,Q_DUAL_NMOS_S1G1D2S2G2D1,smt
89.0,-99.0,-90.0,top,Q3,FZT753TA,,SOT-223-3_TabPin2,Q_PNP_BCEC,smt
201.0,-61.08,90.0,top,Q4,IRFB4110PBF,,TO254P483X1016X1994-3P,IRFB4110PBF,tht
195.5,-61.08,90.0,top,Q5,IRFB4110PBF,,TO254P483X1016X1994-3P,IRFB4110PBF,tht
190.0,-61.08,90.0,top,Q6,IRFB4110PBF,,TO254P483X1016X1994-3P,IRFB4110PBF,tht
206.5,-61.08,90.0,top,Q7,IRFB4110PBF,,TO254P483X1016X1994-3P,IRFB4110PBF,tht
194.4,-67.8125,90.0,top,R10,RC0805FR-071KL,,R_0805_2012Metric,1k,smt
193.7,-65.1,0.0,top,R11,RC0805FR-071KL,,R_0805_2012Metric,33,smt
199.2,-65.1,0.0,top,R12,RC0805FR-071KL,,R_0805_2012Metric,33,smt
176.9,-65.058333,-90.0,top,R13,RC0805FR-071KL,,R_0805_2012Metric,1k,smt
188.205,-65.1,0.0,top,R14,RC0805FR-071KL,,R_0805_2012Metric,33,smt
180.6,-65.145833,90.0,top,R15,RC0805FR-071KL,,R_0805_2012Metric,1k,smt
204.7125,-65.1,0.0,top,R16,RC0805FR-071KL,,R_0805_2012Metric,33,smt
196.8525,-82.1,180.0,top,R17,RC0805JR-0710KL,,R_0805_2012Metric,10k,smt
173.0,-65.116666,-90.0,top,R20,RC0805FR-071KL,,R_0805_2012Metric,1k,smt
184.5,-65.0875,-90.0,top,R21,RC0805FR-071KL,,R_0805_2012Metric,1k,smt
188.95,-67.8125,90.0,top,R23,RC0805FR-071KL,,R_0805_2012Metric,1k,smt
205.4,-67.8,90.0,top,R24,RC0805FR-071KL,,R_0805_2012Metric,1k,smt
73.5875,-50.0,0.0,top,R27,RC0805FR-07604RL,,R_0805_2012Metric,604R,smt
76.5,-55.0,-90.0,top,R28,RT0603BRD073K88L,,R_0805_2012Metric_Pad1.20x1.40mm_HandSolder,3.88k,smt
130.5875,-45.0,0.0,top,R29,ERJ-6ENF4700V,,R_0805_2012Metric,470R,smt
79.4,-113.0,0.0,top,R3,RC0805FR-071KL,,R_0805_2012Metric,1k,smt
93.9125,-59.5,180.0,top,R30,RC0805FR-072K4L,,R_0805_2012Metric,2.4k,smt
75.5875,-46.0,180.0,top,R31,ERJ-6ENF4700V,,R_0805_2012Metric,470R,smt
75.5875,-35.0,0.0,top,R32,RC0805FR-071KL,,R_0805_2012Metric,1k,smt
96.4125,-53.0,0.0,top,R33,RT0805BRD072K49L,,R_0805_2012Metric,2.49k,smt
97.5,-55.7375,90.0,top,R34,RT0805BRD072K49L,,R_0805_2012Metric,2.49k,smt
95.5,-55.7375,90.0,top,R35,ERJ-6ENF4700V,,R_0805_2012Metric,470R,smt
100.0,-58.0875,90.0,top,R36,ERJ-6ENF4700V,,R_0805_2012Metric,470R,smt
115.4125,-34.0,180.0,top,R37,ERJ-6GEY0R00V,,R_0805_2012Metric,0,smt
111.9125,-34.0,0.0,top,R38,RC0805FR-07180KL,,R_0805_2012Metric,180k,smt
106.0875,-42.5,0.0,top,R39,RC0805FR-07180KL,,R_0805_2012Metric,180k,smt
79.4,-119.5,0.0,top,R4,RC0805FR-071KL,,R_0805_2012Metric,1k,smt
108.0875,-34.0,0.0,top,R40,ERJ-6ENF3483V,,R_0805_2012Metric,348k,smt
106.0875,-45.85,0.0,top,R41,ERJ-6ENF3483V,,R_0805_2012Metric,348k,smt
117.5,-42.5,0.0,top,R42,ERJ-6ENF4700V,,R_0805_2012Metric,470R,smt
111.9125,-36.0,0.0,top,R43,RC0805FR-07180KL,,R_0805_2012Metric,180k,smt
111.4975,-42.5,0.0,top,R44,RC0805FR-07180KL,,R_0805_2012Metric,180k,smt
107.9125,-36.0,0.0,top,R45,ERJ-6ENF3483V,,R_0805_2012Metric,348k,smt
111.4975,-45.85,0.0,top,R46,ERJ-6ENF3483V,,R_0805_2012Metric,348k,smt
129.0875,-55.0,180.0,top,R47,RC0805FR-071KL,,R_0805_2012Metric,1k,smt
108.5875,-57.0,0.0,top,R49,ERJ-6ENF3483V,,R_0805_2012Metric,1k,smt
118.415,-137.0375,-90.0,top,R5,RC1206FR-7W10KL,,R_1206_3216Metric,10k,smt
127.0875,-53.0,0.0,top,R50,RC0805FR-071KL,,R_0805_2012Metric,1k,smt
130.5875,-43.0,0.0,top,R51,RC0805FR-07180KL,,R_0805_2012Metric,180k,smt
108.5875,-59.5,0.0,top,R52,ERJ-6ENF3483V,,R_0805_2012Metric,348k,smt
188.765,-115.15,90.0,top,R53,RC0805FR-071KL,,R_0805_2012Metric_Pad1.20x1.40mm_HandSolder,1k,smt
190.765,-115.15,90.0,top,R54,RC0805FR-071KL,,R_0805_2012Metric_Pad1.20x1.40mm_HandSolder,1k,smt
186.765,-115.15,90.0,top,R55,RC0805FR-07100KL,,R_0805_2012Metric_Pad1.20x1.40mm_HandSolder,100k,smt
192.765,-115.15,-90.0,top,R56,RC0805FR-07100KL,,R_0805_2012Metric_Pad1.20x1.40mm_HandSolder,100k,smt
168.9125,-42.5,0.0,top,R57,RC0805JR-0710KL,,R_0805_2012Metric,10k,smt
180.765,-115.15,90.0,top,R58,RC0805FR-071KL,,R_0805_2012Metric_Pad1.20x1.40mm_HandSolder,1k,smt
182.765,-115.15,90.0,top,R59,RC0805FR-071KL,,R_0805_2012Metric_Pad1.20x1.40mm_HandSolder,1k,smt
115.415,-137.0375,90.0,top,R6,RC1206FR-7W10KL,,R_1206_3216Metric,10k,smt
200.75,-115.15,90.0,top,R60,RC0805FR-071KL,,R_0805_2012Metric_Pad1.20x1.40mm_HandSolder,1k,smt
194.75,-115.15,90.0,top,R61,RC0805FR-071KL,,R_0805_2012Metric_Pad1.20x1.40mm_HandSolder,1k,smt
178.765,-115.15,-90.0,top,R62,RC0805FR-07100KL,,R_0805_2012Metric_Pad1.20x1.40mm_HandSolder,100k,smt
184.765,-115.15,-90.0,top,R63,RC0805FR-07100KL,,R_0805_2012Metric_Pad1.20x1.40mm_HandSolder,100k,smt
198.75,-115.15,90.0,top,R64,RC0805FR-07100KL,,R_0805_2012Metric_Pad1.20x1.40mm_HandSolder,100k,smt
196.75,-115.15,-90.0,top,R65,RC0805FR-07100KL,,R_0805_2012Metric_Pad1.20x1.40mm_HandSolder,100k,smt
108.0,-99.5875,-90.0,top,R66,RC0805FR-071KL,,R_0805_2012Metric,1k,smt
105.5,-99.5875,-90.0,top,R67,ERJ-6ENF4700V,,R_0805_2012Metric,470R,smt
103.0,-99.5875,-90.0,top,R68,ERJ-6ENF4700V,,R_0805_2012Metric,470R,smt
143.5,-78.9125,-90.0,top,R69,RC0805FR-071KL,,R_0805_2012Metric,1k,smt
107.415,-137.0375,90.0,top,R7,RC1206FR-7W10KL,,R_1206_3216Metric,10k,smt
114.4125,-40.0,180.0,top,R70,ERJ-6GEY0R00V,,R_0805_2012Metric,0,smt
104.415,-137.0375,90.0,top,R8,RC1206FR-7W10KL,,R_1206_3216Metric,10k,smt
199.9,-67.8,90.0,top,R9,RC0805FR-071KL,,R_0805_2012Metric,1k,smt
93.5,-113.675,0.0,top,SW1,AYZ0202AGRLC,,AYZ0202AGRLC,SW_DPDT_x2,tht
93.0,-137.5,0.0,top,SW2,AYZ0202AGRLC,,AYZ0202AGRLC,SW_DPDT_x2,tht
74.23,-130.305,90.0,top,SW3,IKN0204000,,SW_DIP_SPSTx02_Slide_9.78x7.26mm_W8.61mm_P2.54mm,SW_DIP_x02,smt
190.265,-100.475,0.0,top,SW4,AYZ0202AGRLC,,AYZ0202AGRLC,SW_DPDT_x2,tht
139.0,-112.0,-90.0,top,U1,,,Teensy41,Teensy4.1,tht
94.975,-41.54,0.0,top,U12,LMV324LIDT,,SOIC-14_3.9x8.7mm_P1.27mm,LMV324LIDT,smt
83.0,-42.0,0.0,top,U13,SP720ABTG,,SOIC-16_3.9x9.9mm_P1.27mm,SP720,smt
114.5,-58.0,0.0,top,U14,LMV324LIDT,,SOIC-14_3.9x8.7mm_P1.27mm,LMV324LIDT,smt
93.3,-86.0,0.0,top,U15,MC33814AE,,LQFP-48-1EP_7x7mm_P0.5mm_EP3.6x3.6mm_ThermalVias,MC33814,smt
105.5,-85.0,180.0,top,U16,TC4424AVOA,,SOIC-8_3.9x4.9mm_P1.27mm,TC4424A,smt
156.0,-95.0,90.0,top,U17,W25Q32JVSSIQ,,SOIC-8_5.3x5.3mm_P1.27mm,W25Q32JVSS,smt
125.0,-120.0,-90.0,top,U3,SN74AHC1G32DCKR,,SOT-353_SC-70-5,74AHC1G32,smt
123.5,-124.0,-90.0,top,U4,ADXL343BCCZ-RL,,LGA-14_3x5mm_P0.8mm_LayoutBorder1x6y,ADXL343,smt
198.74,-77.695,180.0,top,U5,TC4424AVOA,,SOIC-8_3.9x4.9mm_P1.27mm,TC4424A,smt
198.765,-89.1,-90.0,top,U7,MCZ33810EK,,SOIC32-P0.65-33N,MC33810,smt
198.4675,-99.625,90.0,top,U9,TC4424AVOA,,SOIC-8_3.9x4.9mm_P1.27mm,TC4424A,smt
