Reference,Qty,Value,Footprint,MPN,Manufacturer,DigiKey,DK_Stock,Mouser,MO_Stock,Chosen_Distributor,Datasheet,Validated,DNP,Notes
BT1,1,ML2032,BatteryHolder_Keystone_3034_1x20mm,3034,Keystone Electronics,36-3034-ND,,,,DigiKey,https://www.digikey.de/de/products/result?keywords=36-3034-ND,,,SMD-Halter 20 mm (Keystone 3034); Zelle ML2032 separat: Jauch ML2032 / DK 1908-ML2032-ND. Keine CR2032 (nicht ladbar)!
"C1,C38,C41,C43,C35,C42,C36,C37,C68,C74,C67,C21,C25,C22,C31,C32,C30,C34,C23,C24,C77,C7",22,100nF,0805,CC0805KRX7R9BB104,Yageo,311-1140-1-ND,,,,DigiKey,https://www.digikey.de/de/products/result?keywords=311-1140-1-ND,,,
C4,1,4.7nF,0805,CC0805KRX7R9BB472,Yageo,311-1133-1-ND,,,,DigiKey,https://www.digikey.de/de/products/result?keywords=311-1133-1-ND,,,
C5,1,10uF,1206,GRM31CR71E106KA12L,Murata,490-6518-1-ND,,,,DigiKey,https://www.digikey.de/de/products/result?keywords=490-6518-1-ND,,,
C6,1,100nF 100V,1206,C1206C104K1RACTU,KEMET,399-C1206C104K1RACTUCT-ND,,,,DigiKey,https://www.digikey.de/de/products/result?keywords=399-C1206C104K1RACTUCT-ND,,,
"C8,C9",2,470pF,0805,CC0805KRX7R9BB471,Yageo,311-1124-1-ND,,,,DigiKey,https://www.digikey.de/de/products/result?keywords=311-1124-1-ND,,,
"C11,C75",2,0.01uF,0805,CC0805KRX7R9BB103,Yageo,311-1136-1-ND,,,,DigiKey,https://www.digikey.de/de/products/result?keywords=311-1136-1-ND,,,
"C12,C10,C26",3,1nF,0805,C0805C102J5HACAUTO,Kemet,399-16591-1-ND,,,,DigiKey,https://www.digikey.de/de/products/result?keywords=399-16591-1-ND,,,
"C13,C3,C2,C15,C17",5,0.1uF,0805,CC0805KRX7R9BB104,Yageo,311-1140-1-ND,,,,DigiKey,https://www.digikey.de/de/products/result?keywords=311-1140-1-ND,,,
C14,1,1uF,0805,CC0805KKX7R7BB105,Yageo,311-1365-1-ND,,,,DigiKey,https://www.digikey.de/de/products/result?keywords=311-1365-1-ND,,,
"C18,C16",2,33uF,CP_Elec_6.3x7.7,EEE-1HA330XP,Panasonic,PCE3925CT-ND,,,,DigiKey,https://www.digikey.de/de/products/result?keywords=PCE3925CT-ND,,,
"C20,C19,C51,C52",4,100n,0805,CC0805KRX7R9BB104,Yageo,311-1140-1-ND,,,,DigiKey,https://www.digikey.de/de/products/result?keywords=311-1140-1-ND,,,
"C40,C39,C28,C29,C27,C33",6,10nF,0805,CC0805KRX7R9BB103,Yageo,311-1136-1-ND,,,,DigiKey,https://www.digikey.de/de/products/result?keywords=311-1136-1-ND,,,
"C45,C44",2,10n,0805,CC0805KRX7R9BB103,Yageo,311-1136-1-ND,,,,DigiKey,https://www.digikey.de/de/products/result?keywords=311-1136-1-ND,,,
C46,1,100u/50V,CP_Elec_8x10,EEE-FK1H101GP,Panasonic,PCE4323CT-ND,,,,DigiKey,https://www.digikey.de/de/products/result?keywords=PCE4323CT-ND,,,
C47,1,1u,0805,CC0805KKX7R7BB105,Yageo,311-1365-1-ND,,,,DigiKey,https://www.digikey.de/de/products/result?keywords=311-1365-1-ND,,,
C48,1,220n,0805,CC0805KKX7R9BB224,Yageo,311-1887-1-ND,,,,DigiKey,https://www.digikey.de/de/products/result?keywords=311-1887-1-ND,,,
C49,1,22n,0805,CC0805KRX7R9BB223,Yageo,311-1138-1-ND,,,,DigiKey,https://www.digikey.de/de/products/result?keywords=311-1138-1-ND,,,
C50,1,1n,0805,C0805C102J5HACAUTO,KEMET,399-16591-1-ND,,,,DigiKey,https://www.digikey.de/de/products/result?keywords=399-16591-1-ND,,,
"C53,C73,C54,C65",4,100nF/100V,1210,C1210C104K1RACTU,KEMET,399-C1210C104K1RACTUCT-ND,,,,DigiKey,https://www.digikey.de/de/products/result?keywords=399-C1210C104K1RACTUCT-ND,,,
"C56,C55",2,4.7uF/100V,1210,C3225X7S2A475K200AB,TDK,445-6042-1-ND,,,,DigiKey,https://www.digikey.de/de/products/result?keywords=445-6042-1-ND,,,
C57,1,1uF/50V,0805,CC0805KKX7R9BB105,Yageo,311-1886-1-ND,,,,DigiKey,https://www.digikey.de/de/products/result?keywords=311-1886-1-ND,,,
"C58,C63",2,10uF/10V,0805,CL21A106KPFNNNE,Samsung Electro-Mechanics,1276-1052-1-ND,,,,DigiKey,https://www.digikey.de/de/products/result?keywords=1276-1052-1-ND,,,
C60,1,39pF,0805,CC0805JRNPO9BN390,Yageo,311-1106-1-ND,,,,DigiKey,https://www.digikey.de/de/products/result?keywords=311-1106-1-ND,,,
"C61,C69",2,100uF/50V,CP_Elec_8x10,EEE-FK1H101GP,Panasonic,PCE4323CT-ND,,,,DigiKey,https://www.digikey.de/de/products/result?keywords=PCE4323CT-ND,,,
C62,1,6800pF,0805,CC0805KRX7R9BB682,Yageo,311-1135-1-ND,,,,DigiKey,https://www.digikey.de/de/products/result?keywords=311-1135-1-ND,,,
C64,1,22uF/10V,1210,GRM32ER71A226KE20L,Murata,490-1876-1-ND,,,,DigiKey,https://www.digikey.de/de/products/result?keywords=490-1876-1-ND,,,
"C66,C59",2,100nF/25V,0805,CC0805KRX7R9BB104,Yageo,311-1140-1-ND,,,,DigiKey,https://www.digikey.de/de/products/result?keywords=311-1140-1-ND,,,
C71,1,10uF/50V X7R,1210,C3225X7R1H106K250AC,TDK,445-C3225X7R1H106K250ACCT-ND,,,,DigiKey,https://www.digikey.de/de/products/result?keywords=445-C3225X7R1H106K250ACCT-ND,,,
"C72,C70",2,47uF/10V X7R,1210,CL32A476KOJNNNE,Samsung Electro-Mechanics,1276-3376-1-ND,,,,DigiKey,https://www.digikey.de/de/products/result?keywords=1276-3376-1-ND,,,
"C78,C80,C76",3,CC0805KRX7R9BB104,0805,CC0805KRX7R9BB104,Yageo,311-1140-1-ND,,603-CC805KRX7R9BB104,,DigiKey,https://www.yageo.com/upload/media/product/productsearch/datasheet/mlcc/UPY-GPHC_X7R_6.3V-to-50V_20.pdf,,,
C79,1,CC0805KKX7R7BB475,0805,CC0805KKX7R7BB475,Yageo,311-1883-1-ND,,603-CC805KKX7R7BB475,,DigiKey,https://www.digikey.de/de/products/result?keywords=311-1883-1-ND,,,
"C82,C81",2,CC0805JRX7R9BB332,0805,CC0805JRX7R9BB332,Yageo,311-4277-1-ND,,,,DigiKey,https://yageogroup.com/content/datasheet/asset/file/UPY-GPHC_X7R_6_3V-TO-250V,,,
D1,1,D_Schottky,PowerDI-123,DFLS240-7,Diodes Incorporated,DFLS240-7DICT-ND,,,,DigiKey,https://www.digikey.de/de/products/result?keywords=DFLS240-7DICT-ND,,,
D2,1,SMAJ5.0A,SMA,SMAJ5.0A,Littelfuse,SMAJ5.0ALFCT-ND,,,,DigiKey,https://www.digikey.de/de/products/result?keywords=SMAJ5.0ALFCT-ND,,,
D3,1,NUP2105L,SOT-23,NUP2105LT1G,onsemi,NUP2105LT1GOSCT-ND,,,,DigiKey,https://www.digikey.de/de/products/result?keywords=NUP2105LT1GOSCT-ND,,,
"D11,D12,D10,D13",4,D,SOD-323,1N4448WX-TP,MCC,1N4448WXTPMSCT-ND,,,,DigiKey,https://www.digikey.de/de/products/result?keywords=1N4448WXTPMSCT-ND,,,
"D15,D8,D14,D9",4,LED,0805,LTST-C170KRKT,Lite-On,160-1415-1-ND,,,,DigiKey,https://www.digikey.de/de/products/result?keywords=160-1415-1-ND,,,
D22,1,3V6 1W (SMA),SMA,1SMA5914BT3G,onsemi,1SMA5914BT3GOSCT-ND,,,,DigiKey,https://www.digikey.de/de/products/result?keywords=1SMA5914BT3GOSCT-ND,,,
"D30,D27,D26,D28,D29,D7,D4,D5,D6,D20,D19,D25,D24,D23,D17,D16,D18,D21,D46,D47",20,BAV199,SOT-23,BAV199LT1G,onsemi,BAV199LT1GOSCT-ND,,,,DigiKey,https://www.digikey.de/de/products/result?keywords=BAV199LT1GOSCT-ND,,,
"D31,D35,D40,D34,D36,D32,D33,D39",8,SS34,SMA,B340A-13-F,Diodes Incorporated,B340A-FDICT-ND,,,,DigiKey,https://www.digikey.de/de/products/result?keywords=B340A-FDICT-ND,,,Ersatz fuer SS34: 3A/40V Schottky in SMA (SS34 meist SMC)
"D38,D37",2,1N4148W,SOD-123,1N4148W-7-F,Diodes Incorporated,1N4148W-FDICT-ND,,,,DigiKey,https://www.digikey.de/de/products/result?keywords=1N4148W-FDICT-ND,,,
D41,1,SM8S24A,DO-218AB,SM8S24A,SMC Diode Solutions,1655-SM8S24ACT-ND,,,,DigiKey,https://www.digikey.de/de/products/result?keywords=1655-SM8S24ACT-ND,,,
D42,1,B560C,SMC,B560C-13-F,Diodes Incorporated,B560C-FDICT-ND,,,,DigiKey,https://www.digikey.de/de/products/result?keywords=B560C-FDICT-ND,,,
"D43,D44,D45",3,LED grn,0805,LTST-C170GKT,Lite-On,160-1179-1-ND,,,,DigiKey,https://www.digikey.de/de/products/result?keywords=160-1179-1-ND,,,
F1,1,150mA,1812,1812L014DR,Littelfuse,F3353CT-ND,,,,DigiKey,https://www.digikey.de/de/products/result?keywords=F3353CT-ND,,,"PTC 140mA hold (naechster Standardwert zu 150mA), 60V"
F2,1,3A / 63V,1206,0483003.DR,Littelfuse,18-0483003.DRCT-ND,,,,DigiKey,https://www.digikey.de/de/products/result?keywords=18-0483003.DRCT-ND,,,3A/65V flink 1206 (63V-Anforderung: 437er-Serie schafft nur 35V)
IC1,1,MAX9926UAEE_V+,QSOP-16_3.9x4.9mm_P0.635mm,MAX9926UAEE/V+,Analog Devices,MAX9926UAEE/V+-ND,,700-MAX9926UAEE/V+,,DigiKey,https://componentsearchengine.com/Datasheets/1/MAX9926UAEE_V+.pdf,,,
"IC3,IC4,IC2",3,ZXMS6006DT8,SOT153P700X170-8N,ZXMS6006DT8TA,Diodes Incorporated,ZXMS6006DT8TADICT-ND,,,,DigiKey,https://www.digikey.de/de/products/result?keywords=ZXMS6006DT8TADICT-ND,,,Last Time Buy 06.01.2027 - Bedarf sichern
IC5,1,LD1117S33,SOT-223-3_TabPin2,LD1117S33CTR,STMicroelectronics,497-1241-1-ND,,,,DigiKey,https://www.digikey.de/de/products/result?keywords=497-1241-1-ND,,,
IC6,1,74AHCT125T14-13,TSSOP-14_4.4x5mm_P0.65mm,74AHCT125T14-13,Diodes Incorporated,31-74AHCT125T14-13CT-ND,,621-74AHCT125T14-13,,DigiKey,https://www.diodes.com/assets/Datasheets/74AHCT125.pdf,,,
IC7,1,TPIC8101DW,SOIC-20W_7.5x12.8mm_P1.27mm,TPIC8101DWR,Texas Instruments,296-15132-1-ND,,595-TPIC8101DW,,DigiKey,http://www.ti.com/general/docs/lit/getliterature.tsp?genericPartNumber=TPIC8101&&fileType=pdf,,,
J1,1,Conn_01x04,PinHeader_1x04_P2.54mm_Vertical,61300411121,Würth Elektronik,732-5317-ND,,,,DigiKey,https://www.digikey.de/de/products/result?keywords=732-5317-ND,,,
J2,1,,6437288-3,6437288-3,TE Connectivity,A122211-ND,,,,DigiKey,https://www.digikey.de/de/products/result?keywords=A122211-ND,,,Gegenstueck/Kontakte separat beschaffen (SUPERSEAL 1.0 60-pol)
L1,1,10uH / 3.3A,Bourns_SRR1260,SRR1260-100M,Bourns,SRR1260-100MCT-ND,,,,DigiKey,https://www.digikey.de/de/products/result?keywords=SRR1260-100MCT-ND,,,
L2,1,8.2uH / 5A,Bourns_SRR1260,SRR1260A-8R2Y,Bourns,SRR1260A-8R2YCT-ND,,,,DigiKey,https://www.digikey.de/de/products/result?keywords=SRR1260A-8R2YCT-ND,,,"AEC-Q200-A-Serie, Irms 5.7A"
"Q4,Q1,Q3,Q2",4,ISL9V5036P3-F085,TO254P470X1016X2019-3P,ISL9V5036P3-F085,onsemi,ISL9V5036P3-F085-ND,,512-ISL9V5036P3-F085,,DigiKey,https://www.onsemi.com/pub/Collateral/ISL9V5036S3ST-D.PDF,,,
Q5,1,BSS138,SOT-23,BSS138,onsemi,BSS138CT-ND,,,,DigiKey,https://www.digikey.de/de/products/result?keywords=BSS138CT-ND,,,
Q6,1,SQM120N06-3M5L,TO-263-2,SQM120N06-3M5L_GE3,Vishay Siliconix,SQM120N06-3M5L_GE3CT-ND,,,,DigiKey,https://www.digikey.de/de/products/result?keywords=SQM120N06-3M5L_GE3CT-ND,,,Ersatz: SQJ973EP existiert nicht; N-Kanal 60V 3.5mOhm fuer LM74700-Ideal-Diode
"R1,R92,R122,R18,R17,R63,R75,R124,R51,R40,R52,R41,R95,R93,R96,R94,R97,R98",18,1k,0805,RC0805FR-071KL,Yageo,311-1.00KCRCT-ND,,,,DigiKey,https://www.digikey.de/de/products/result?keywords=311-1.00KCRCT-ND,,,
"R7,R6",2,60.4R,0805,RC0805FR-0760R4L,Yageo,311-60.4CRCT-ND,,,,DigiKey,https://www.digikey.de/de/products/result?keywords=311-60.4CRCT-ND,,,
"R10,R21,R9,R22",4,0R DNP,0805,RC0805JR-070RL,Yageo,311-0.0ARCT-ND,,,,DigiKey,https://www.digikey.de/de/products/result?keywords=311-0.0ARCT-ND,,yes,
"R13,R20,R19,R11",4,0R,0805,RC0805JR-070RL,Yageo,311-0.0ARCT-ND,,,,DigiKey,https://www.digikey.de/de/products/result?keywords=311-0.0ARCT-ND,,,
"R16,R15",2,10k DNP,0805,RC0805FR-0710KL,Yageo,311-10.0KCRCT-ND,,,,DigiKey,https://www.digikey.de/de/products/result?keywords=311-10.0KCRCT-ND,,yes,
"R23,R24,R25,R26",4,10k,1206,RC1206FR-7W10KL,Yageo,13-RC1206FR-7W10KLTR-ND,,,,DigiKey,https://www.digikey.de/de/products/result?keywords=13-RC1206FR-7W10KLTR-ND,,,
"R29,R53,R28,R54",4,33,0805,RC0805FR-7W33RL,Yageo,13-RC0805FR-7W33RLCT-ND,,,,DigiKey,https://www.digikey.de/de/products/result?keywords=13-RC0805FR-7W33RLCT-ND,,,
R30,1,20m,2512,WSL2512R0200FEA,Vishay Dale,WSLG-.02CT-ND,,,,DigiKey,https://www.digikey.de/de/products/result?keywords=WSLG-.02CT-ND,,,
"R42,R45,R38,R36,R44,R39,R43,R37",8,18k,1206,RC1206FR-0718KL,Yageo,311-18.0KFRCT-ND,,,,DigiKey,https://www.digikey.de/de/products/result?keywords=311-18.0KFRCT-ND,,,
"R46,R49,R48,R47",4,4.02k,0805,RC0805FR-074K02L,Yageo,311-4.02KCRCT-ND,,,,DigiKey,https://www.digikey.de/de/products/result?keywords=311-4.02KCRCT-ND,,,
"R50,R104,R99,R100,R103,R101,R112,R108,R109,R102",10,100k,0805,RC0805FR-07100KL,Yageo,311-100KCRCT-ND,,,,DigiKey,https://www.digikey.de/de/products/result?keywords=311-100KCRCT-ND,,,
"R56,R55",2,2k49,0805,RC0805FR-072K49L,Yageo,311-2.49KCRCT-ND,,,,DigiKey,https://www.digikey.de/de/products/result?keywords=311-2.49KCRCT-ND,,,
R72,1,47k,0805,RC0805FR-0747KL,Yageo,311-47.0KCRCT-ND,,,,DigiKey,https://www.digikey.de/de/products/result?keywords=311-47.0KCRCT-ND,,,
"R83,R87,R88,R82,R66,R64,R65",7,12k,0805,RC0805FR-0712KL,Yageo,311-12.0KCRCT-ND,,,,DigiKey,https://www.digikey.de/de/products/result?keywords=311-12.0KCRCT-ND,,,
"R84,R85,R67,R69,R68",5,20k,0805,RC0805FR-0720KL,Yageo,311-20.0KCRCT-ND,,,,DigiKey,https://www.digikey.de/de/products/result?keywords=311-20.0KCRCT-ND,,,
"R86,R77,R76,R120,R12,R14,R61,R60,R62,R58,R59,R70",12,470R,0805,RC0805FR-07470RL,Yageo,311-470CRCT-ND,,,,DigiKey,https://www.digikey.de/de/products/result?keywords=311-470CRCT-ND,,,
"R89,R80,R79,R78,R81,R71,R74,R73,R8,R5,R4,R3,R2,R123,R35,R34,R31,R32,R33,R27,R106,R110,R113,R111",24,10k,0805,RC0805FR-0710KL,Yageo,311-10.0KCRCT-ND,,,,DigiKey,https://www.digikey.de/de/products/result?keywords=311-10.0KCRCT-ND,,,
R90,1,5k6,0805,RC0805FR-075K6L,Yageo,311-5.60KCRCT-ND,,,,DigiKey,https://www.digikey.de/de/products/result?keywords=311-5.60KCRCT-ND,,,
R91,1,1M,0805,RC0805FR-071ML,Yageo,311-1.00MCRCT-ND,,,,DigiKey,https://www.digikey.de/de/products/result?keywords=311-1.00MCRCT-ND,,,
R105,1,15k,0805,RC0805FR-0715KL,Yageo,311-15.0KCRCT-ND,,,,DigiKey,https://www.digikey.de/de/products/result?keywords=311-15.0KCRCT-ND,,,
R107,1,330k,0805,RC0805FR-07330KL,Yageo,311-330KCRCT-ND,,,,DigiKey,https://www.digikey.de/de/products/result?keywords=311-330KCRCT-ND,,,
R114,1,237k,0805,RC0805FR-07237KL,Yageo,311-237KCRCT-ND,,,,DigiKey,https://www.digikey.de/de/products/result?keywords=311-237KCRCT-ND,,,
R115,1,56k2,0805,RC0805FR-0756K2L,Yageo,311-56.2KCRCT-ND,,,,DigiKey,https://www.digikey.de/de/products/result?keywords=311-56.2KCRCT-ND,,,
R116,1,162k,0805,RC0805FR-07162KL,Yageo,311-162KCRCT-ND,,,,DigiKey,https://www.digikey.de/de/products/result?keywords=311-162KCRCT-ND,,,
R117,1,53k6,0805,RC0805FR-0753K6L,Yageo,311-53.6KCRCT-ND,,,,DigiKey,https://www.digikey.de/de/products/result?keywords=311-53.6KCRCT-ND,,,
R118,1,10k2,0805,RC0805FR-0710K2L,Yageo,311-10.2KCRCT-ND,,,,DigiKey,https://www.digikey.de/de/products/result?keywords=311-10.2KCRCT-ND,,,
R119,1,13k,0805,RC0805FR-0713KL,Yageo,311-13.0KCRCT-ND,,,,DigiKey,https://www.digikey.de/de/products/result?keywords=311-13.0KCRCT-ND,,,
"R121,R57",2,2k2,0805,RC0805FR-072K2L,Yageo,311-2.20KCRCT-ND,,,,DigiKey,https://www.digikey.de/de/products/result?keywords=311-2.20KCRCT-ND,,,
R125,1,2k,0805,RC0805FR-072KL,Yageo,311-2.00KCRCT-ND,,603-RC0805FR-072KL,,DigiKey,http://www.yageo.com/documents/recent/PYu-RC_Group_51_RoHS_L_10.pdf,,,
"R129,R130,R128,R127",4,RC0805FR-07100KL,0805,RC0805FR-07100KL,Yageo,311-100KCRCT-ND,,603-RC0805FR-07100KL,,DigiKey,http://www.yageo.com/documents/recent/PYu-RC_Group_51_RoHS_L_10.pdf,,,
"R131,R132,R126",3,RC0805FR-071ML,0805,RC0805FR-071ML,Yageo,311-1.00MCRCT-ND,,603-RC0805FR-071ML,,DigiKey,https://www.yageo.com/upload/media/product/productsearch/datasheet/rchip/PYu-RC_Group_51_RoHS_L_11.pdf,,,
U1,1,Teensy4.1,Teensy41,DEV-16771,SparkFun (PJRC),1568-16771-ND,,,,DigiKey,https://www.digikey.de/de/products/result?keywords=1568-16771-ND,,,
U2,1,W25Q32JVSS,SOIC-8_5.3x5.3mm_P1.27mm,W25Q32RVCSJQ TR,Winbond,256-W25Q32RVCSJQTR-ND,,,,DigiKey,http://www.winbond.com/resource-files/w25q32jv%20revg%2003272018%20plus.pdf,,,Nur ~39 St. bei DigiKey; Alternative W25Q32JVSSIQ via Mouser
U3,1,MCP2562-E-SN,SOIC-8_3.9x4.9mm_P1.27mm,MCP2562-E/SN,Microchip Technology,MCP2562-E/SN-ND,,,,DigiKey,http://ww1.microchip.com/downloads/en/DeviceDoc/25167A.pdf,,,
U4,1,74AHC1G32,SOT-353_SC-70-5,SN74AHC1G32DCKR,Texas Instruments,296-8749-1-ND,,,,DigiKey,http://www.ti.com/lit/sg/scyt129e/scyt129e.pdf,,,
U5,1,ADXL343,LGA-14_3x5mm_P0.8mm_LayoutBorder1x6y,ADXL343BCCZ-RL,Analog Devices,ADXL343BCCZ-RLCT-ND,,,,DigiKey,https://www.analog.com/media/en/technical-documentation/data-sheets/ADXL343.pdf,,,
U6,1,USBLC6-2SC6,SOT-23-6,USBLC6-2SC6,STMicroelectronics,497-5235-1-ND,,,,DigiKey,https://www.digikey.de/de/products/result?keywords=497-5235-1-ND,,,
U7,1,MC33810,SOIC32-P0.65-33N,MCZ33810EK,NXP,MCZ33810EK-ND,,,,DigiKey,https://www.digikey.de/de/products/result?keywords=MCZ33810EK-ND,,,Last Time Buy 30.04.2027 - Bedarf sichern
U8,1,TPS3823-33DBV,SOT-23-5,TPS3823-33DBVR,Texas Instruments,296-1357-1-ND,,,,DigiKey,https://www.digikey.de/de/products/result?keywords=296-1357-1-ND,,,
U9,1,74LVC1G00,SOT-353_SC-70-5,SN74LVC1G00DCKR,Texas Instruments,296-9846-1-ND,,,,DigiKey,https://www.digikey.de/de/products/result?keywords=296-9846-1-ND,,,
"U11,U10",2,LMV324,SOIC-14_3.9x8.7mm_P1.27mm,LMV324IDR,Texas Instruments,296-9569-1-ND,,,,DigiKey,https://www.digikey.de/de/products/result?keywords=296-9569-1-ND,,,
U12,1,DRV8434A,HTSSOP-28-1EP_4.4x9.7mm_P0.65mm_EP2.85x5.4mm_ThermalVias,DRV8434APWPR,Texas Instruments,296-DRV8434APWPRCT-ND,,,,DigiKey,https://www.digikey.de/de/products/result?keywords=296-DRV8434APWPRCT-ND,,,
"U13,U14",2,BTF3050TE,TO-252-5_TabPin3,BTF3050TEATMA1,Infineon,BTF3050TEATMA1CT-ND,,,,DigiKey,https://www.digikey.de/de/products/result?keywords=BTF3050TEATMA1CT-ND,,,
U15,1,LM74700-Q1,SOT-23-6,LM74700QDBVRQ1,Texas Instruments,296-LM74700QDBVRQ1CT-ND,,,,DigiKey,https://www.digikey.de/de/products/result?keywords=296-LM74700QDBVRQ1CT-ND,,,
U16,1,TPS54360B-Q1,HSOP-8-1EP_3.9x4.9mm_P1.27mm_EP2.41x3.1mm_ThermalVias,TPS54360BQDDARQ1,Texas Instruments,296-46985-1-ND,,,,DigiKey,https://www.digikey.de/de/products/result?keywords=296-46985-1-ND,,,
U17,1,TPS7B6950-Q1,SOT-223-3_TabPin2,TPS7B6950QDCYRQ1,Texas Instruments,296-40985-1-ND,,,,DigiKey,https://www.digikey.de/de/products/result?keywords=296-40985-1-ND,,,
U18,1,74LVC1G125,SOT-353_SC-70-5,SN74LVC1G125DCKR,Texas Instruments,296-11604-1-ND,,,,DigiKey,https://www.digikey.de/de/products/result?keywords=296-11604-1-ND,,,
Y1,1,CSTCR4M00G53-R0,Resonator_SMD_Murata_CSTCR_4.5x2x1.15mm,CSTCR4M00G53-R0,Murata,490-1200-1-ND,,,,DigiKey,https://www.digikey.de/de/products/result?keywords=490-1200-1-ND,,,
