Reference,Qty,Value,Description,Package,Manufacturer,MPN,Supplier,Supplier PN,Product link,DNP,Notes
"C7,C5,C3,C14,C17,C18,C15,C16,C13,C4,C6,C8",12,10nF,Kondensator 10nF X7R 50V ±10% 0805,0805,Yageo,CC0805KRX7R9BB103,DigiKey,311-1136-1-ND,https://www.digikey.de/de/products/result?keywords=311-1136-1-ND,,
"C11,C12,C1,C2",4,0.01uF,Kondensator 0.01uF X7R 50V ±10% 0805,0805,Yageo,CC0805KRX7R9BB103,DigiKey,311-1136-1-ND,https://www.digikey.de/de/products/result?keywords=311-1136-1-ND,,
C23,1,100uF,Kondensator 100µF X5R 6.3V ±20% 1206,1206,Samsung Electro-Mechanics,CL31A107MQHNNNE,DigiKey,1276-1782-1-ND,https://www.digikey.de/de/products/result?keywords=1276-1782-1-ND,,
C33,1,4.7uF,Kondensator 4.7uF X7R 16V ±10% 0805,0805,Yageo,CC0805KKX7R7BB475,DigiKey,311-1883-1-ND,https://www.digikey.de/de/products/result?keywords=311-1883-1-ND,,
"C39,C24,C27,C28",4,1uF,Kondensator 1uF X7R 16V ±10% 0805,0805,Yageo,CC0805KKX7R7BB105,DigiKey,311-1365-1-ND,https://www.digikey.de/de/products/result?keywords=311-1365-1-ND,,
"C43,C45",2,2.2uF/50V,Kondensator 2.2µF X7R 50V ±10% 1210,1210,TDK,C3225X7R1H225K250AB,DigiKey,445-1431-1-ND,https://www.digikey.de/de/products/result?keywords=445-1431-1-ND,,
C44,1,4.7nF,Kondensator 4.7nF X7R 50V ±10% 0805,0805,Yageo,CC0805KRX7R9BB472,DigiKey,311-1133-1-ND,https://www.digikey.de/de/products/result?keywords=311-1133-1-ND,,
C46,1,100nF/100V,Kondensator 100nF X7R 100V ±10% 0805,0805,KEMET,C0805C104K1RACTU,DigiKey,399-C0805C104K1RACTUCT-ND,https://www.digikey.de/de/products/result?keywords=399-C0805C104K1RACTUCT-ND,,
"C47,C36,C37,C38,C50,C53,C41,C40,C34,C42,C26,C29",12,0.1uF,Kondensator 0.1uF X7R 50V ±10% 0805,0805,Yageo,CC0805KRX7R9BB104,DigiKey,311-1140-1-ND,https://www.digikey.de/de/products/result?keywords=311-1140-1-ND,,
"C48,C49",2,33uF,Elko 33µF 50V SMD 6.3x7.7mm 105°C,CP_Elec_6.3x7.7,Panasonic,EEE-1HA330XP,DigiKey,PCE3925CT-ND,https://www.digikey.de/de/products/result?keywords=PCE3925CT-ND,,
"C51,C52",2,22 µF,Elko 22µF 50V SMD 6.3x7.7mm 105°C,EEE1AA221P,Panasonic,EEE-FK1H220P,DigiKey,PCE3811CT-ND,https://www.digikey.de/de/products/result?keywords=PCE3811CT-ND,,Ersatz: EEE-1HA220AP war 8mm-Durchmesser (Footprint 6.3mm) + NRND
C54,1,22uF/10V,Kondensator 22µF X7R 10V ±10% 1210,1210,Murata,GRM32ER71A226KE20L,DigiKey,490-1876-1-ND,https://www.digikey.de/de/products/result?keywords=490-1876-1-ND,,
"C55,C35,C21,C22,C25,C9,C10,C19,C20,C32,C31,C30",12,100nF,Kondensator 100nF X7R 50V ±10% 0805,0805,Yageo,CC0805KRX7R9BB104,DigiKey,311-1140-1-ND,https://www.digikey.de/de/products/result?keywords=311-1140-1-ND,,
"D1,D7,D5,D6",4,SMAJ5.0A,TVS 5V unidirektional 400W SMA,SMA,Littelfuse,SMAJ5.0A,DigiKey,SMAJ5.0ALFCT-ND,https://www.digikey.de/de/products/result?keywords=SMAJ5.0ALFCT-ND,,3.3V-SMA-TVS nicht lieferbar (MCC 16 Wo.); 5V-Standoff klemmt vergleichbar
D2,1,SK510L,Schottky 5A 100V SMC,SMC,MCC,SK510L-TP,DigiKey,SK510L-TPMSCT-ND,https://www.digikey.de/de/products/result?keywords=SK510L-TPMSCT-ND,,Ersatz fuer SS5P10 (TO-277-Package passte nicht zu SMC-Footprint)
D3,1,SMBJ33A,TVS 33V unidirektional 600W SMB,SMB,Littelfuse,SMBJ33A,DigiKey,SMBJ33ALFCT-ND,https://www.digikey.de/de/products/result?keywords=SMBJ33ALFCT-ND,,
D4,1,NUP2105L,CAN-ESD-Schutz NUP2105L SOT-23,SOT-23,onsemi,NUP2105LT1G,DigiKey,NUP2105LT1GOSCT-ND,https://www.digikey.de/de/products/result?keywords=NUP2105LT1GOSCT-ND,,
D8,1,SMCJ18A,TVS 18V unidirektional 1500W SMC,SMC,Littelfuse,SMCJ18A,DigiKey,SMCJ18ALFCT-ND,https://www.digikey.de/de/products/result?keywords=SMCJ18ALFCT-ND,,
D9,1,SL310A,Schottky 3A 100V SMA,SMA_Handsoldering,MCC,SL310A-TP,DigiKey,SL310A-TPMSCT-ND,https://www.digikey.de/de/products/result?keywords=SL310A-TPMSCT-ND,,
"F3,F2,F1",3,50mA,PTC-Sicherung 50mA hold 60V 1206,1206,Bel Fuse,0ZCJ0005FF2E,DigiKey,5923-0ZCJ0005FF2ECT-ND,https://www.digikey.de/de/products/result?keywords=5923-0ZCJ0005FF2ECT-ND,,
F4,1,0.5A/30V,PTC-Sicherung 500mA hold 60V 1812,1812,Littelfuse,1812L050/60MR,DigiKey,F8132CT-ND,https://www.digikey.de/de/products/result?keywords=F8132CT-ND,,
"IC1,IC4,IC2,IC3",4,MAX31855KASA+,MAX31855KASA+,SOIC127P600X175-8N,Analog Devices,MAX31855KASA+T,DigiKey,MAX31855KASA+TCT-ND,https://www.digikey.de/de/products/result?keywords=MAX31855KASA+TCT-ND,,
IC5,1,STM32G474RBT6,STM32G474RBT6,QFP50P1200X1200X160-64N,STMicroelectronics,STM32G474RBT6,DigiKey,STM32G474RBT6-ND,https://www.digikey.de/de/products/result?keywords=STM32G474RBT6-ND,,Aktuell 0 Lager bei DigiKey - Beschaffung pruefen (Alternative STM32G474RET6 pinkompatibel)
IC6,1,LD1117S33C,LD1117S33C,LD1117S33C,STMicroelectronics,LD1117S33CTR,DigiKey,497-1241-1-ND,https://www.digikey.de/de/products/result?keywords=497-1241-1-ND,,
"J2,J1",2,MX23A12NF1,MX23A12NF1,MX23A12NF1,JAE Electronics,MX23A12NF1,DigiKey,670-1683-ND,https://www.digikey.de/de/products/result?keywords=670-1683-ND,,Gegenstecker MX23A12SF1 + Kontakte separat
J3,1,1-776266-1,1-776266-1,17762661,TE Connectivity,1-776266-1,DigiKey,A128219-ND,https://www.digikey.de/de/products/result?keywords=A128219-ND,,AMPSEAL 14-pol; Gegenstecker+Kontakte separat beschaffen
J4,1,Conn_01x06_Pin,Conn_01x06_Pin,PinHeader_1x06_P2.54mm_Vertical,Würth Elektronik,61300611121,DigiKey,732-5319-ND,https://www.digikey.de/de/products/result?keywords=732-5319-ND,,
L1,1,BLM18AG601SN1,Ferrit 600Ω@100MHz 0603,0603,Murata,BLM18AG601SN1D,DigiKey,490-1014-1-ND,https://www.digikey.de/de/products/result?keywords=490-1014-1-ND,,
L2,1,10uH/1A,Drossel 10µH 1A 1210,1210,Murata,LQH32PN100MNCL,DigiKey,490-LQH32PN100MNCLCT-ND,https://www.digikey.de/de/products/result?keywords=490-LQH32PN100MNCLCT-ND,,Irms 900mA / Isat 1A
L3,1,10uH/1.8A,Speicherdrossel 10µH 1.8A 6x6mm geschirmt,Bourns_SRN6045TA,Bourns,SRN6045TA-100M,DigiKey,SRN6045TA-100MCT-ND,https://www.digikey.de/de/products/result?keywords=SRN6045TA-100MCT-ND,,
Q1,1,SQM120N06-3M5L,SQM120N06-3M5L,TO-263-2,Vishay Siliconix,SQM120N06-3M5L_GE3,DigiKey,SQM120N06-3M5L_GE3CT-ND,https://www.digikey.de/de/products/result?keywords=SQM120N06-3M5L_GE3CT-ND,,Ersatz: IPB80N06S4L-07 discontinued (Infineon PCN 2023)
"R1,R4,R12,R14,R13,R11,R3,R2",8,100R,Widerstand 100RΩ ±1% 0.125W 0805,ERJ6ENF1000V,Panasonic,ERJ-6ENF1000V,DigiKey,P100CCT-ND,https://www.digikey.de/de/products/result?keywords=P100CCT-ND,,
"R24,R23,R30",3,2k,Widerstand 2k ±1% 0.125W 0805,RESC2012X60N,Yageo,RC0805FR-072KL,DigiKey,311-2.00KCRCT-ND,https://www.digikey.de/de/products/result?keywords=311-2.00KCRCT-ND,,
"R32,R38,R40",3,10k,Widerstand 10k ±1% 0.25W 1206 AEC-Q200,1206,Yageo,RC1206FR-7W10KL,DigiKey,13-RC1206FR-7W10KLTR-ND,https://www.digikey.de/de/products/result?keywords=13-RC1206FR-7W10KLTR-ND,,
R41,1,100,Widerstand 100Ω ±1% 0.125W 0805,ERJ6ENF1000V,Panasonic,ERJ-6ENF1000V,DigiKey,P100CCT-ND,https://www.digikey.de/de/products/result?keywords=P100CCT-ND,,
"R42,R50,R7,R20,R17,R19,R8,R10,R9,R18",10,10k,Widerstand 10k ±1% 0.125W 0805,0805,Yageo,RC0805FR-0710KL,DigiKey,311-10.0KCRCT-ND,https://www.digikey.de/de/products/result?keywords=311-10.0KCRCT-ND,,
R43,1,15k,Widerstand 15k ±1% 0.125W 0805,0805,Yageo,RC0805FR-0715KL,DigiKey,311-15.0KCRCT-ND,https://www.digikey.de/de/products/result?keywords=311-15.0KCRCT-ND,,
"R44,R33,R37,R29,R22,R25,R36,R35,R26,R34,R31,R28,R21,R39,R27",15,1k,Widerstand 1k ±1% 0.125W 0805,0805,Yageo,RC0805FR-071KL,DigiKey,311-1.00KCRCT-ND,https://www.digikey.de/de/products/result?keywords=311-1.00KCRCT-ND,,
R45,1,10k,Widerstand 10k ±5% 0.125W 0805,0805,Yageo,RC0805JR-0710KL,DigiKey,311-10KARCT-ND,https://www.digikey.de/de/products/result?keywords=311-10KARCT-ND,,
"R47,R46",2,60R4,Widerstand 60R4 ±1% 0.125W 0805,0805,Yageo,RC0805FR-0760R4L,DigiKey,311-60.4CRCT-ND,https://www.digikey.de/de/products/result?keywords=311-60.4CRCT-ND,,
"R48,R6,R15,R16,R5",5,0R,Widerstand 0R ±5% 0.125W 0805,0805,Yageo,RC0805JR-070RL,DigiKey,311-0.0ARCT-ND,https://www.digikey.de/de/products/result?keywords=311-0.0ARCT-ND,,
R49,1,40k2,Widerstand 40k2 ±1% 0.125W 0805,0805,Yageo,RC0805FR-0740K2L,DigiKey,311-40.2KCRCT-ND,https://www.digikey.de/de/products/result?keywords=311-40.2KCRCT-ND,,
U1,1,SP720,SP720,SOIC-16_3.9x9.9mm_P1.27mm,Littelfuse,SP720ABTG,DigiKey,F3162CT-ND,https://www.digikey.de/de/products/result?keywords=F3162CT-ND,,
U2,1,CSTNE16M0V530000R0,CSTNE16M0V530000R0,CSTNE16M0V530000R0,Murata,CSTNE16M0V530000R0,DigiKey,490-17948-1-ND,https://www.digikey.de/de/products/result?keywords=490-17948-1-ND,,
U3,1,MCP2562FD-E/SN,MCP2562FD-E/SN,SOIC-8_3.9x4.9mm_P1.27mm,Microchip Technology,MCP2562FD-E/SN,DigiKey,MCP2562FD-E/SN-ND,https://www.digikey.de/de/products/result?keywords=MCP2562FD-E/SN-ND,,
U4,1,TPS560430Y-Q1,TPS560430Y-Q1,SOT-23-6,Texas Instruments,TPS560430YQDBVRQ1,DigiKey,296-TPS560430YQDBVRQ1CT-ND,https://www.digikey.de/de/products/result?keywords=296-TPS560430YQDBVRQ1CT-ND,,X-Q1-Variante existiert nicht; Y=2.1MHz passt zu 10uH-Spule
