Ref,Val,Package,PosX,PosY,Rot,Side
"C1","0.01uF","C_0805_2012Metric",87.440000,-76.013000,180.000000,bottom
"C2","0.01uF","C_0805_2012Metric",72.990000,-76.013000,180.000000,bottom
"C11","0.01uF","C_0805_2012Metric",80.040000,-76.013000,180.000000,bottom
"C12","0.01uF","C_0805_2012Metric",65.540000,-76.013000,180.000000,bottom
"C34","0.1uF","C_0805_2012Metric",99.031200,-95.512000,180.000000,bottom
"C36","0.1uF","C_0805_2012Metric",98.916300,-98.503100,180.000000,bottom
"C37","0.1uF","C_0805_2012Metric",99.131200,-91.012000,180.000000,bottom
"C38","0.1uF","C_0805_2012Metric",101.631200,-100.512000,0.000000,bottom
"C39","1uF","C_0805_2012Metric",94.081200,-91.562000,-90.000000,bottom
"C40","0.1uF","C_0805_2012Metric",96.091200,-91.562000,-90.000000,bottom
"C41","0.1uF","C_0805_2012Metric",92.081200,-91.562000,-90.000000,bottom
"C42","0.1uF","C_0805_2012Metric",92.531200,-98.512000,180.000000,bottom
"C53","0.1uF","C_0805_2012Metric",110.619200,-104.000000,180.000000,bottom
"R1","100R","ERJ6ENF1000V",88.990000,-79.838000,-90.000000,bottom
"R2","100R","ERJ6ENF1000V",85.418500,-79.838000,-90.000000,bottom
"R3","100R","ERJ6ENF1000V",74.704200,-79.838000,-90.000000,bottom
"R4","100R","ERJ6ENF1000V",71.132800,-79.838000,-90.000000,bottom
"R11","100R","ERJ6ENF1000V",81.847100,-79.838000,-90.000000,bottom
"R12","100R","ERJ6ENF1000V",78.275700,-79.838000,-90.000000,bottom
"R13","100R","ERJ6ENF1000V",67.561400,-79.838000,-90.000000,bottom
"R14","100R","ERJ6ENF1000V",63.990000,-79.838000,-90.000000,bottom
"R45","10k","R_0805_2012Metric",96.081200,-97.599500,-90.000000,bottom
"C3","10nF","C_0805_2012Metric",83.500000,-89.000000,0.000000,top
"C4","10nF","C_0805_2012Metric",63.000000,-89.000000,90.000000,top
"C5","10nF","C_0805_2012Metric",119.000000,-96.500000,0.000000,top
"C6","10nF","C_0805_2012Metric",127.500000,-99.500000,0.000000,top
"C7","10nF","C_0805_2012Metric",113.500000,-109.000000,90.000000,top
"C8","10nF","C_0805_2012Metric",127.000000,-83.000000,90.000000,top
"C9","100nF","C_0805_2012Metric",160.000000,-106.000000,0.000000,top
"C10","100nF","C_0805_2012Metric",160.000000,-109.500000,0.000000,top
"C13","10nF","C_0805_2012Metric",83.000000,-93.500000,0.000000,top
"C14","10nF","C_0805_2012Metric",55.500000,-76.000000,0.000000,top
"C15","10nF","C_0805_2012Metric",122.500000,-100.500000,0.000000,top
"C16","10nF","C_0805_2012Metric",126.000000,-109.500000,0.000000,top
"C17","10nF","C_0805_2012Metric",125.500000,-105.500000,90.000000,top
"C18","10nF","C_0805_2012Metric",129.000000,-105.500000,90.000000,top
"C19","100nF","C_0805_2012Metric",159.500000,-80.500000,90.000000,top
"C20","100nF","C_0805_2012Metric",163.000000,-101.000000,90.000000,top
"C21","100nF","C_0805_2012Metric",131.619200,-75.500000,180.000000,top
"C22","100nF","C_0805_2012Metric",117.519200,-75.432500,90.000000,top
"C23","100uF","C_1206_3216Metric",156.500000,-115.000000,90.000000,top
"C24","1uF","C_0805_2012Metric",123.136700,-77.500000,180.000000,top
"C25","100nF","C_0805_2012Metric",104.069200,-76.450000,90.000000,top
"C26","0.1uF","C_0805_2012Metric",146.569200,-75.450000,90.000000,top
"C27","1uF","C_0805_2012Metric",127.619200,-79.500000,0.000000,top
"C28","1uF","C_0805_2012Metric",136.019200,-75.500000,0.000000,top
"C29","0.1uF","C_0805_2012Metric",159.069200,-76.450000,90.000000,top
"C30","100nF","C_0805_2012Metric",84.659800,-74.730400,0.000000,top
"C31","100nF","C_0805_2012Metric",134.500000,-89.000000,90.000000,top
"C32","100nF","C_0805_2012Metric",139.000000,-89.000000,0.000000,top
"C33","4.7uF","C_0805_2012Metric",160.000000,-115.500000,90.000000,top
"C35","100nF","C_0805_2012Metric",127.500000,-115.500000,0.000000,top
"C43","2.2uF/50V","C_1210_3225Metric",80.500000,-99.000000,0.000000,top
"C44","4.7nF","C_0805_2012Metric",156.000000,-93.500000,90.000000,top
"C45","2.2uF/50V","C_1210_3225Metric",83.500000,-106.000000,90.000000,top
"C46","100nF/100V","C_0805_2012Metric",143.000000,-88.500000,90.000000,top
"C47","0.1uF","C_0805_2012Metric",122.019200,-105.500000,0.000000,top
"C48","33uF","CP_Elec_6.3x7.7",104.069200,-113.200000,90.000000,top
"C49","33uF","CP_Elec_6.3x7.7",80.569200,-113.700000,90.000000,top
"C50","0.1uF","C_0805_2012Metric",64.569200,-114.000000,90.000000,top
"C51","22 µF","EEE1AA221P",71.069200,-99.600000,90.000000,top
"C52","22 µF","EEE1AA221P",71.069200,-112.900000,-90.000000,top
"C54","22uF/10V","C_1210_3225Metric",160.000000,-87.000000,90.000000,top
"C55","100nF","C_0805_2012Metric",120.000000,-82.500000,0.000000,top
"D1","SMAJ5.0A","D_SMA",160.000000,-94.500000,90.000000,top
"D2","SK510L","D_SMC",109.000000,-84.000000,90.000000,top
"D3","SMBJ33A","D_SMB",130.000000,-93.500000,90.000000,top
"D4","NUP2105L","SOT-23",148.500000,-81.000000,0.000000,top
"D5","SMAJ5.0A","D_SMA",77.880200,-86.624800,0.000000,top
"D6","SMAJ5.0A","D_SMA",143.500000,-82.000000,90.000000,top
"D7","SMAJ5.0A","D_SMA",148.500000,-87.500000,90.000000,top
"D8","SMCJ18A","D_SMC",95.569200,-113.650000,90.000000,top
"D9","SL310A","D_SMA_Handsoldering",89.069200,-113.500000,90.000000,top
"F1","50mA","Fuse_1206_3216Metric",80.224700,-74.562400,0.000000,top
"F2","50mA","Fuse_1206_3216Metric",130.500000,-85.500000,90.000000,top
"F3","50mA","Fuse_1206_3216Metric",136.500000,-82.500000,0.000000,top
"F4","0.5A/30V","Fuse_1812_4532Metric",63.000000,-98.000000,90.000000,top
"IC1","MAX31855KASA+","SOIC127P600X175-8N",87.204200,-80.788000,-90.000000,top
"IC2","MAX31855KASA+","SOIC127P600X175-8N",72.918500,-80.788000,-90.000000,top
"IC3","MAX31855KASA+","SOIC127P600X175-8N",80.061400,-80.788000,-90.000000,top
"IC4","MAX31855KASA+","SOIC127P600X175-8N",65.775700,-80.788000,-90.000000,top
"IC5","STM32G474RBT6","QFP50P1200X1200X160-64N",95.831200,-94.750000,180.000000,top
"IC6","LD1117S33C","LD1117S33C",56.069200,-102.700000,0.000000,top
"J1","MX23A12NF1","MX23A12NF1",152.819200,-55.000000,180.000000,top
"J2","MX23A12NF1","MX23A12NF1",119.569200,-55.000000,180.000000,top
"J3","1-776266-1","17762661",84.569200,-69.500000,180.000000,top
"J4","Conn_01x06_Pin","PinHeader_1x06_P2.54mm_Vertical",149.000000,-111.200000,-90.000000,top
"L1","BLM18AG601SN1","L_0603_1608Metric",108.500000,-99.500000,0.000000,top
"L2","10uH/1A","L_1210_3225Metric",110.000000,-116.000000,90.000000,top
"L3","10uH/1.8A","L_Bourns_SRN6045TA",95.000000,-77.500000,90.000000,top
"Q1","SQM120N06-3M5L","TO-263-2",139.000000,-98.000000,90.000000,top
"R5","0R","R_0805_2012Metric",61.500000,-115.500000,90.000000,top
"R6","0R","R_0805_2012Metric",57.500000,-116.500000,0.000000,top
"R9","10k","R_0805_2012Metric",131.500000,-116.500000,90.000000,top
"R10","10k","R_0805_2012Metric",53.500000,-116.500000,90.000000,top
"R15","0R","R_0805_2012Metric",58.000000,-112.500000,90.000000,top
"R16","0R","R_0805_2012Metric",139.500000,-116.500000,90.000000,top
"R19","10k","R_0805_2012Metric",135.500000,-115.500000,0.000000,top
"R20","10k","R_0805_2012Metric",147.500000,-116.500000,90.000000,top
"R21","1k","R_0805_2012Metric",131.639200,-77.600000,0.000000,top
"R22","1k","R_0805_2012Metric",119.569200,-75.412500,-90.000000,top
"R23","2k","RESC2012X60N",131.644200,-81.500000,0.000000,top
"R24","2k","RESC2012X60N",117.489200,-78.950000,90.000000,top
"R25","1k","R_0805_2012Metric",131.639200,-79.500000,180.000000,top
"R26","1k","R_0805_2012Metric",119.569200,-78.945000,-90.000000,top
"R27","1k","R_0805_2012Metric",123.156700,-79.500000,180.000000,top
"R28","1k","R_0805_2012Metric",106.069200,-76.430000,90.000000,top
"R29","1k","R_0805_2012Metric",123.156700,-75.500000,180.000000,top
"R30","2k","RESC2012X60N",108.069200,-76.425000,90.000000,top
"R31","1k","R_0805_2012Metric",110.069200,-76.430000,-90.000000,top
"R32","10k","R_1206_3216Metric",149.069200,-75.962500,-90.000000,top
"R33","1k","R_0805_2012Metric",114.000000,-96.500000,0.000000,top
"R34","1k","R_0805_2012Metric",127.639300,-75.571200,0.000000,top
"R35","1k","R_0805_2012Metric",135.999200,-77.500000,0.000000,top
"R36","1k","R_0805_2012Metric",127.639300,-77.571200,0.000000,top
"R37","1k","R_0805_2012Metric",135.999200,-79.500000,0.000000,top
"R38","10k","R_1206_3216Metric",156.569200,-76.962500,-90.000000,top
"R39","1k","R_0805_2012Metric",100.000000,-76.500000,90.000000,top
"R40","10k","R_1206_3216Metric",93.531700,-83.000000,180.000000,top
"R41","100","ERJ6ENF1000V",103.069200,-83.500000,-90.000000,top
"R42","10k","R_0805_2012Metric",158.000000,-102.500000,0.000000,top
"R43","15k","R_0805_2012Metric",156.000000,-87.500000,90.000000,top
"R44","1k","R_0805_2012Metric",156.000000,-98.500000,90.000000,top
"R46","60R4","R_0805_2012Metric",156.000000,-109.500000,90.000000,top
"R47","60R4","R_0805_2012Metric",162.500000,-75.000000,0.000000,top
"R48","0R","R_0805_2012Metric",118.069200,-99.500000,0.000000,top
"R49","40k2","R_0805_2012Metric",156.000000,-82.000000,90.000000,top
"R50","10k","R_0805_2012Metric",151.500000,-115.500000,0.000000,top
"U1","SP720","SOIC-16_3.9x9.9mm_P1.27mm",121.000000,-90.500000,90.000000,top
"U2","CSTNE16M0V530000R0","CSTNE16M0V530000R0",108.781200,-95.587000,180.000000,top
"U3","MCP2562FD-E/SN","SOIC-8_3.9x4.9mm_P1.27mm",116.069200,-103.500000,0.000000,top
"U4","TPS560430Y-Q1","SOT-23-6",113.500000,-76.000000,-90.000000,top
