﻿Designator,Quantity,Value,Footprint,Package,MPN,DNP,Mount_Type,Digikey Part Number,Manufacturer_Name,URL,Voltage,Description,Sim.Device,Sim.Pins,Height,Mouser Part Number,Mouser Price/Stock,Tolerance,RS Part Number,RS Price/Stock,Allied_Number,Sim.Library
A1,1,Pololu_Breakout_DRV8825,Pololu_Breakout-16_15.2x20.3mm,,,,tht,,,,,,,,,,,,,,,
BT1,1,Battery_Cell,BAT_2999,,2999,,tht,36-2999-ND,Keystone,https://www.digikey.com.au/product-detail/en/keystone-electronics/2999/36-2999-ND/2137863,,,,,,,,,,,,
"C10, C11",2,1uF,C_0805_2012Metric,,CC0805KKX7R7BB105,,smt,311-1365-1-ND,Yageo,https://www.digikey.com/product-detail/en/yageo/CC0805KKX7R7BB105/311-1365-1-ND/2103149,,,,,,,,,,,,
"C12, C13, C14, C20, C21, C23, C26, C3, C32, C34, C37, C40, C41, C9",14,0.1uF,C_0805_2012Metric,,CC0805KRX7R9BB104,,smt,311-1140-1-ND,Yageo,https://www.digikey.com.au/product-detail/en/yageo/CC0805KRX7R9BB104/311-1140-1-ND/303050,,,,,,,,,,,,
"C15, C18",2,270nF,C_0805_2012Metric,,CC0805JRX7R7BB274,,smt,311-4268-1-ND,Yageo,https://www.digikey.com.au/product-detail/en/yageo/CC0805JRX7R7BB274/311-4268-1-ND/8025357,,,,,,,,,,,,
"C16, C17, C24, C25, C28",5,0.22uF,C_0805_2012Metric,,CL21B224KOCNNNC,,smt,1276-1284-1-ND,Samsung,https://www.digikey.com/product-detail/en/samsung-electro-mechanics-america-inc/CL21B224KOCNNNC/1276-1284-1-ND/3889370,,,,,,,,,,,,
C27,1,100uF,C_1206_3216Metric,,CL31A107MQHNNNE,,smt,1276-1782-1-ND,Samsung,https://www.digikey.com.au/product-detail/en/samsung-electro-mechanics/CL31A107MQHNNNE/1276-1782-1-ND/3889868,,,,,,,,,,,,
"C29, C30, C4, C7",4,0.01uF,C_0805_2012Metric,,CC0805KRX7R9BB103,,smt,311-1136-1-ND,Yageo,https://www.digikey.com/product-detail/en/yageo/CC0805KRX7R9BB103/311-1136-1-ND/303046,,,,,,,,,,,,
C31,1,100uF,CP_Elec_6.3x7.7,,EEE-FT1V101AV,,smt,P124821CT-ND,Panasonic,https://www.digikey.com.au/product-detail/en/panasonic-electronic-components/EEE-FT1V101AV/P124821CT-ND/10290763,,,,,,,,,,,,
"C33, C36",2,47uF,CP_EIA-3528-21_Kemet-B,,TAJB476K006RNJ,,smt,478-1692-1-ND,AVX,https://www.digikey.com/product-detail/en/avx-corporation/TAJB476K006RNJ/478-1692-1-ND/564724,10V,,,,,,,,,,,
C35,1,22uF,CP_Elec_4x5.4,,PCE3882CT-ND,,smt,EEE-1CA220WR,Panasonic,https://www.digikey.com.au/product-detail/en/panasonic-electronic-components/EEE-1CA220WR/PCE3882CT-ND/766258,10v,,,,,,,,,,,
"C38, C39",2,33uF,CP_Elec_6.3x7.7,,EEE-1HA330XP,,smt,PCE3925CT-ND,Panasonic,https://www.digikey.com.au/product-detail/en/panasonic-electronic-components/EEE-1HA330XP/PCE3925CT-ND/766301,50V,,,,,,,,,,,
C5,1,4700pF,C_0805_2012Metric,,CC0805KRX7R9BB472,,smt,311-1133-1-ND,Yageo,https://www.digikey.com/product-detail/en/yageo/CC0805KRX7R9BB103/311-1136-1-ND/303046,,,,,,,,,,,,
"C6, C8",2,1nF,C_0805_2012Metric,,C0805C102J5HACAUTO,,smt,399-16591-1-ND,Kemet,https://www.digikey.com/product-detail/en/kemet/C0805C102J5HACAUTO/399-16591-1-ND/7943643,,,,,,,,,,,,
"D1, D2, D21, D22",4,LED,LED_0805_2012Metric,,SML-H12D8TT86C,,smt,SML-H12D8TT86CCT-ND,Rohm Semiconductor,https://www.digikey.com.au/product-detail/en/rohm-semiconductor/SML-H12D8TT86C/SML-H12D8TT86CCT-ND/9090486,,,,,,,,,,,,
"D11, D13, D15, D25, D26, D28, D29, D30, D31, D9",10,D,D_SOD-323,,1N4448WX-TP,,smt,1N4448WXTPMSCT-ND,MCC,https://www.digikey.com/product-detail/en/micro-commercial-co/1N4448WX-TP/1N4448WXTPMSCT-ND/789338,,,,,,,,,,,,
"D18, D19, D5, D7",4,LED,LED_0805_2012Metric,,LH R974-LP-1,,smt,475-1415-1-ND,OSRAM,https://www.digikey.com/product-detail/en/osram-opto-semiconductors-inc/LH-R974-LP-1/475-1415-1-ND/1802604,,,,,,,,,,,,
D27,1,D_Schottky,D_PowerDI-123,,DFLS2100-7,,smt,DFLS2100-7DICT-ND,Diodes Inc.,https://www.digikey.com/product-detail/en/diodes-incorporated/DFLS2100-7/DFLS2100-7DICT-ND/3451552,,,,,,,,,,,,
D3,1,1N4148WT,D_SOD-523,,,,smt,,,,,"75V 0.15A Fast switching Diode, SOD-523",D,1=K 2=A,,,,,,,,
D32,1,D_TVS,D_SMB,,SMBJ40A-Q,,smt,SMBJ40A-QCT-ND,Bournes Inc.,https://www.digikey.com.au/product-detail/en/bourns-inc/SMBJ40A-Q/SMBJ40A-QCT-ND/10222718,,,,,,,,,,,,
D33,1,D_Schottky,D_SMA_Handsoldering,,B360A-13-F,,smt,B360A-FDICT-ND,Diodes Inc,https://www.digikey.com.au/product-detail/en/diodes-incorporated/B360A-13-F/B360A-FDICT-ND/724980,,,,,,,,,,,,
"D34, D35, D36",3,LED,LED_0805_2012Metric_Pad1.15x1.40mm_HandSolder,,LG R971-KN-1,,smt,475-1410-2-ND,OSRAM,https://www.digikey.com/en/products/detail/osram-opto-semiconductors-inc/LG-R971-KN-1/1227925,,,,,,,,,,,,
D37,1,D_Schottky,D_PowerDI-123,,,,smt,,,,,Schottky diode,,,,,,,,,,
F1,1,Polyfuse,Fuse_1812_4532Metric,,0ZCC0050FF2C,,smt,507-1361-1-ND,Bel Fuse Inc.,https://www.digikey.com.au/product-detail/en/bel-fuse-inc/0ZCC0050FF2C/507-1361-1-ND/1560228,,,,,,,,,,,,
F2,1,Polyfuse,Fuse_0603_1608Metric,,0ZCM0008FF2G,,smt,507-1817-1-ND,Bel Fuse Inc.,https://www.digikey.com.au/product-detail/en/bel-fuse-inc/0ZCM0008FF2G/507-1817-1-ND/4156262,,,,,,,,,,,,
IC1,1,MAX9926UAEE_V+,QSOP-16_3.9x4.9mm_P0.635mm,,MAX9926UAEE/V+,,smt,MAX9926UAEE/V+-ND,Maxim Integrated,https://www.digikey.com.au/product-detail/en/maxim-integrated/MAX9926UAEE-V/MAX9926UAEE-V-ND/3517309,,Sensor Interface Variable-Reluctance Sensor Interface,,,1.75,700-MAX9926UAEE/V+,https://www.mouser.com/Search/Refine.aspx?Keyword=700-MAX9926UAEE%2FV%2B,,,,,
"IC2, IC3, IC4",3,ZXMS6006DT8,SOT153P700X170-8N,,ZXMS6006DT8,,smt,ZXMS6006DT8TADICT-ND,Diodes Inc,https://www.digikey.com.au/en/products/detail/diodes-incorporated/ZXMS6006DT8TA/4250146?s=N4IgTCBcDaIFoA0CyBlAbABg2gIgFQA4QBdAXyA,,,,,1.75,,,,,,,
J1,1,Conn_01x04,PinHeader_1x04_P2.54mm_Vertical,,,,tht,,,,,,,,,,,,,,,
J5,1,~,6437288-3,,,,tht,,,,,BL,,,,,,,,,,
"JP2, JP3, JP4",3,Jumper_2_Open,SolderJumper-2_P1.3mm_Open_Pad1.0x1.5mm,,,,tht,,,,,,,,,,,,,,,
"Q1, Q2",2,Q_DUAL_NMOS_S1G1D2S2G2D1,SOT-363_SC-70-6,,NVJD5121NT1G,,smt,NVJD5121NT1GOSCT-ND,ON Semi,https://www.digikey.com.au/product-detail/en/on-semiconductor/NVJD5121NT1G/NVJD5121NT1GOSCT-ND/9087601,,,,,,,,,,,,
Q3,1,Q_PNP_BCEC,SOT-223-3_TabPin2,,FZT753TA,,smt,FZT753CT-ND,Diodes Inc,https://www.digikey.com.au/product-detail/en/diodes-incorporated/FZT753TA/FZT753CT-ND/92847,,,,,,,,,,,,
"Q4, Q5, Q6, Q7",4,IRFB4110PBF,TO254P483X1016X1994-3P,,IRFB4110PBF,,tht,,Infineon,,,"MOSFET N-Ch 100V 180A HEXFET TO220AB Infineon IRFB4110PBF N-channel MOSFET Transistor, 180 A, 100 V, 3-Pin TO-220AB",,,4.83,942-IRFB4110PBF,https://www.mouser.co.uk/ProductDetail/Infineon-Technologies/IRFB4110PBF?qs=9%252BKlkBgLFf1%2FkPV%252BuAP9EQ%3D%3D,,,,,
"R10, R13, R15, R20, R21, R23, R24, R3, R32, R4, R47, R50, R66, R69, R9",15,1k,R_0805_2012Metric,,RC0805FR-071KL,,smt,311-1.00KCRCT-ND,Yageo,https://www.digikey.com/product-detail/en/yageo/RC0805FR-071KL/311-1.00KCRCT-ND/730391,,,,,,,,,,,,
"R11, R12, R14, R16",4,33,R_0805_2012Metric,,RC0805FR-071KL,,smt,311-1.00KCRCT-ND,Yageo,https://www.digikey.com/product-detail/en/yageo/RC0805FR-071KL/311-1.00KCRCT-ND/730391,,,,,,,,,,,,
"R17, R57",2,10k,R_0805_2012Metric,,RC0805JR-0710KL,,smt,311-10KARCT-ND,Yageo,https://www.digikey.com/product-detail/en/yageo/RC0805JR-0710KL/311-10KARCT-ND/731188,,,,,,,,,,,,
R27,1,604R,R_0805_2012Metric,,RC0805FR-07604RL,,smt,311-604CRCT-ND,Yageo,https://www.digikey.com/product-detail/en/yageo/RC0805FR-07604RL/311-604CRCT-ND/731022,,,,,,,,1%,,,,
R28,1,3.88k,R_0805_2012Metric_Pad1.20x1.40mm_HandSolder,,RT0603BRD073K88L,,smt,YAG4550CT-ND,Yageo,https://www.digikey.com/product-detail/en/yageo/RT0603BRD073K88L/YAG4550CT-ND/6616706,,,,,,,,1%,,,,
"R29, R31, R35, R36, R42, R67, R68",7,470R,R_0805_2012Metric,,ERJ-6ENF4700V,,smt,P470CCT-ND,Panasonic,https://www.digikey.com/product-detail/en/panasonic-electronic-components/ERJ-6ENF4700V/P470CCT-ND/1746871,,,,,,,,,,,,
R30,1,2.4k,R_0805_2012Metric,,RC0805FR-072K4L,,smt,311-2.40KCRCT-ND,Yageo,https://www.digikey.com/product-detail/en/yageo/RC0805FR-072K4L/311-2.40KCRCT-ND/730637,,,,,,,,,,,,
"R33, R34",2,2.49k,R_0805_2012Metric,,RT0805BRD072K49L,,smt,YAG1854CT-ND,Yageo,https://www.digikey.com/product-detail/en/yageo/RT0805BRD072K49L/YAG1854CT-ND/5139302,,,,,,,,0.1%,,,,
"R37, R70",2,0,R_0805_2012Metric,,ERJ-6GEY0R00V,,smt,P0.0ACT-ND,Panasonic,https://www.digikey.com.au/product-detail/en/panasonic-electronic-components/ERJ-6GEY0R00V/P0-0ACT-ND/82955,,,,,,,,,,,,
"R38, R39, R43, R44, R51",5,180k,R_0805_2012Metric,,RC0805FR-07180KL,,smt,311-180KCRCT-ND,Yageo,https://www.digikey.com.au/product-detail/en/yageo/RC0805FR-07180KL/311-180KCRCT-ND/730597,,,,,,,,,,,,
"R40, R41, R45, R46, R52",5,348k,R_0805_2012Metric,,ERJ-6ENF3483V,,smt,P348KCDKR-ND,Panasonic,https://www.digikey.com.au/product-detail/en/panasonic-electronic-components/ERJ-6ENF3483V/P348KCDKR-ND/576673,,,,,,,,,,,,
R49,1,1k,R_0805_2012Metric,,ERJ-6ENF3483V,,smt,P348KCDKR-ND,Panasonic,https://www.digikey.com.au/product-detail/en/panasonic-electronic-components/ERJ-6ENF3483V/P348KCDKR-ND/576673,,,,,,,,,,,,
"R5, R6, R7, R8",4,10k,R_1206_3216Metric,,RC1206FR-7W10KL,,smt,13-RC1206FR-7W10KLTR-ND,Yageo,https://www.digikey.com/en/products/detail/yageo/RC1206FR-7W10KL/12698813,,,,,,,,,,,,
"R53, R54, R58, R59, R60, R61",6,1k,R_0805_2012Metric_Pad1.20x1.40mm_HandSolder,,RC0805FR-071KL,,smt,311-1.00KCRCT-ND,Yageo,https://www.digikey.com/product-detail/en/yageo/RC0805FR-071KL/311-1.00KCRCT-ND/730391,,,,,,,,,,,,
"R55, R56, R62, R63, R64, R65",6,100k,R_0805_2012Metric_Pad1.20x1.40mm_HandSolder,,RC0805FR-07100KL,,smt,311-100KCRCT-ND,Yageo,https://www.digikey.com/product-detail/en/yageo/RC0805FR-07100KL/311-100KCRCT-ND/730491,,,,,,,,,,,,
"SW1, SW2, SW4",3,SW_DPDT_x2,AYZ0202AGRLC,,AYZ0202AGRLC,,tht,401-2013-1-ND,C & K COMPONENTS,https://www.digikey.com.au/product-detail/en/c-k/AYZ0202AGRLC/401-2013-1-ND/1640122,,AYZ0202AGRLC (Slide Switches),,,,,,,7931504P,http://uk.rs-online.com/web/p/products/7931504P,70417470,
SW3,1,SW_DIP_x02,SW_DIP_SPSTx02_Slide_9.78x7.26mm_W8.61mm_P2.54mm,,IKN0204000,,smt,679-3566-1-ND,APEM Inc.,https://www.digikey.com.au/product-detail/en/apem-inc/IKN0204000/679-3566-1-ND/4384369,,,,,,,,,,,,
U1,1,Teensy4.1,Teensy41,,,,tht,,,,,,,,,,,,,,,lib\teensy4.1.lbr
"U12, U14",2,LMV324LIDT,SOIC-14_3.9x8.7mm_P1.27mm,,LMV324LIDT,,smt,497-13052-1-ND,STMicroelectronics,https://www.digikey.com.au/product-detail/en/stmicroelectronics/LMV324LIDT/497-13052-1-ND/3458219,,,,,,,,,,,,
U13,1,SP720,SOIC-16_3.9x9.9mm_P1.27mm,,SP720ABTG,,smt,F3162CT-ND,Littelfuse,https://www.digikey.com/product-detail/en/littelfuse-inc/SP720ABTG/F3162CT-ND/1984458,,,,,,,,,,,,
U15,1,MC33814,LQFP-48-1EP_7x7mm_P0.5mm_EP3.6x3.6mm_ThermalVias,,MC33814AE,,smt,,NXP,http://au.element14.com/nxp/mc33814ae/ic-control-1-cylinder-engine-48lqfp/dp/2311285,,,,,,,,,,,,
"U16, U5, U9",3,TC4424A,SOIC-8_3.9x4.9mm_P1.27mm,,TC4424AVOA,,smt,TC4424AVOA-ND,Microchip,https://www.digikey.com/product-detail/en/microchip-technology/TC4424AVOA/TC4424AVOA-ND/1098908,,,,,,,,,,,,
U17,1,W25Q32JVSS,SOIC-8_5.3x5.3mm_P1.27mm,,W25Q32JVSSIQ,,smt,W25Q32JVSSIQCT-ND,Winbond Electronics,https://www.digikey.com.au/product-detail/en/winbond-electronics/W25Q32JVSSIQ-TR/W25Q32JVSSIQCT-ND/7393546,,,,,,,,,,,,
U3,1,74AHC1G32,SOT-353_SC-70-5,,SN74AHC1G32DCKR,,smt,296-8749-1-ND,Analog Devices,https://www.digikey.com.au/product-detail/en/texas-instruments/SN74AHC1G32DCKR/296-8749-1-ND/373812,,,,,,,,,,,,
U4,1,ADXL343,LGA-14_3x5mm_P0.8mm_LayoutBorder1x6y,,ADXL343BCCZ-RL,,smt,ADXL343BCCZ-RLCT-ND,Analog Devices,https://www.digikey.com.au/product-detail/en/analog-devices-inc/ADXL343BCCZ-RL/ADXL343BCCZ-RLCT-ND/7422311,,,,,,,,,,,,
U7,1,MC33810,SOIC32-P0.65-33N,,MCZ33810EK,,smt,,NXP,https://au.mouser.com/ProductDetail/NXP-Semiconductors/MCZ33810EK?qs=sGAEpiMZZMvKM5ialpXrmvfCXFdxx390,,,,,,,,,,,,
