Ref;PosX;PosY;Side;Rot
R71;200486186;-47583113;bottom;0
BT1;80000000;-54500000;top;0
C1;167000000;-113000000;top;90000000
C2;179500000;-89500000;top;0
C3;167000000;-103000000;top;90000000
C4;192500000;-99000000;top;90000000
C5;161500000;-64000000;top;0
C6;168500000;-79000000;top;90000000
C7;172000000;-79500000;top;90000000
C8;149974000;-101496200;top;0
C9;150267000;-80730600;top;0
C10;128000000;-70000000;top;0
C11;140000000;-77500000;top;90000000
C12;119500000;-77500000;top;90000000
C13;132500000;-69000000;top;90000000
C14;137000000;-72500000;top;90000000
C15;181000000;-86000000;top;0
C16;171500000;-94500000;top;90000000
C17;186000000;-85000000;top;0
C18;183000000;-105500000;top;0
C19;176000000;-84000000;top;0
C20;150072000;-105132200;top;0
C21;80500000;-80500000;top;0
C22;85500000;-70500000;top;0
C23;91500000;-65000000;top;0
C24;101000000;-70500000;top;90000000
C25;90500000;-75500000;top;0
C26;84500000;-84500000;top;90000000
C27;105000000;-71000000;top;0
C28;86500000;-89500000;top;90000000
C29;88500000;-80500000;top;0
C30;97000000;-70000000;top;0
C31;83000000;-89500000;top;90000000
C32;84500000;-79500000;top;90000000
C33;105000000;-67500000;top;0
C34;87500000;-66500000;top;90000000
C35;118000000;-91000000;top;90000000
C36;112500000;-89500000;top;0
C37;118500000;-95000000;top;0
C38;114000000;-116000000;top;90000000
C39;118000000;-115000000;top;0
C40;126000000;-116000000;top;0
C41;127500000;-97000000;top;90000000
C42;114000000;-100500000;top;90000000
C43;127000000;-132000000;top;0
C44;203500000;-100000000;top;0
C45;161000000;-98500000;top;90000000
C46;195000000;-106500000;top;0
C47;127000000;-34800000;top;90000000
C48;116600000;-34800000;top;90000000
C49;124400000;-34800000;top;90000000
C50;129600000;-34800000;top;90000000
C51;165000000;-99000000;top;0
C52;165500000;-95000000;top;90000000
C53;111500000;-131500000;top;0
C54;105000000;-140000000;top;0
C55;117500000;-129500000;top;0
C56;111500000;-127000000;top;0
C57;76500000;-139500000;top;90000000
C58;119000000;-138000000;top;0
C59;71000000;-115500000;top;90000000
C60;83500000;-133000000;top;90000000
C61;87500000;-117500000;top;0
C62;68500000;-115500000;top;90000000
C63;109000000;-80500000;top;90000000
C64;113000000;-136000000;top;0
C65;99000000;-140000000;top;0
C66;73000000;-130500000;top;90000000
C67;124500000;-135500000;top;0
C68;114000000;-140000000;top;0
C69;102000000;-132500000;top;0
C70;123500000;-128000000;top;0
C71;111500000;-122500000;top;0
C72;119000000;-134000000;top;0
C73;117500000;-125000000;top;0
C74;69000000;-94950000;top;-90000000
C75;153000000;-133000000;top;0
C76;161500000;-94500000;top;0
C77;150500000;-92500000;top;0
C78;162500000;-91000000;top;0
C79;162000000;-87500000;top;0
C80;158000000;-133000000;top;0
C81;163500000;-139000000;top;0
C82;154500000;-140500000;top;90000000
D1;146000000;-77650000;top;90000000
D2;162500000;-54500000;top;0
D3;169500000;-61000000;top;90000000
D4;150620000;-98110000;top;0
D5;156643800;-88101800;top;0
D6;123014400;-113494900;top;0
D7;150210700;-116034300;top;0
D8;176900000;-61583300;top;-90000000
D9;180600000;-61670800;top;-90000000
D10;176900000;-58170800;top;-90000000
D11;180600000;-58258300;top;-90000000
D12;173000000;-58229200;top;-90000000
D13;184500000;-58200000;top;-90000000
D14;173000000;-61641700;top;-90000000
D15;184500000;-61612500;top;-90000000
D16;91000000;-89500000;top;0
D17;100500000;-75500000;top;0
D18;94000000;-84500000;top;90000000
D19;105500000;-75500000;top;90000000
D20;104500000;-80500000;top;0
D21;99000000;-80500000;top;0
D22;73500000;-89500000;top;0
D23;89000000;-84500000;top;0
D24;95500000;-74500000;top;90000000
D25;93500000;-79500000;top;0
D26;118000000;-99500000;top;90000000
D27;123500000;-94500000;top;90000000
D28;123000000;-99500000;top;0
D29;118000000;-120000000;top;90000000
D30;114500000;-110500000;top;0
D31;192500000;-130500000;top;0
D32;185500000;-132000000;top;90000000
D33;196000000;-116000000;top;90000000
D34;198500000;-123000000;top;0
D35;179000000;-130500000;top;0
D36;179000000;-135500000;top;0
D37;200500000;-117000000;top;90000000
D38;170000000;-139000000;top;90000000
D39;206500000;-116500000;top;0
D40;176000000;-140500000;top;0
D41;101000000;-102000000;top;0
D42;87500000;-126500000;top;0
D43;72000000;-85500000;top;0
D44;124500000;-139000000;top;0
D45;76000000;-81500000;top;90000000
D46;163000000;-129500000;top;0
D47;163500000;-134500000;top;90000000
F1;162500000;-59500000;top;0
F2;72500000;-95500000;top;0
IC1;126000000;-75000000;top;0
IC2;189765000;-123388500;top;-90000000
IC3;183000000;-114500000;top;0
IC4;181265000;-123388500;top;-90000000
IC5;77000000;-119500000;top;90000000
IC6;155500000;-119500000;top;0
IC7;158000000;-108500000;top;0
J1;127000000;-80190000;top;0
L1;74500000;-104500000;top;0
L2;100500000;-120000000;top;0
Q5;175000000;-124500000;top;0
Q6;88000000;-101500000;top;90000000
R1;143500000;-78412500;top;90000000
R2;128000000;-102000000;top;90000000
R3;113276200;-83710700;top;180000000
R4;169986000;-100587800;top;0
R5;151098600;-94883500;top;0
R6;175000000;-54000000;top;90000000
R7;185500000;-68500000;top;0
R8;128000000;-107000000;top;90000000
R11;138643800;-56250000;top;0
R12;149401800;-78295700;top;0
R13;142651900;-57269000;top;0
R14;136216100;-78929600;top;0
R17;134920000;-76335200;top;0
R18;154043700;-80448700;top;0
R19;120126400;-72331400;top;0
R20;119946200;-74556500;top;0
R23;123000000;-64500000;top;0
R24;129000000;-55000000;top;90000000
R25;125000000;-55500000;top;90000000
R26;118000000;-67000000;top;90000000
R27;173500000;-87500000;top;0
R28;193700000;-65100000;top;0
R29;199200000;-65100000;top;0
R30;207000000;-92000000;top;90000000
R31;209500000;-57500000;top;90000000
R32;198500000;-68000000;top;0
R33;185000000;-54500000;top;0
R34;209500000;-62500000;top;90000000
R35;181914400;-83555600;top;0
R36;205000000;-68000000;top;0
R37;193000000;-68500000;top;0
R38;179500000;-54500000;top;0
R39;199000000;-71500000;top;0
R40;176900000;-65058300;top;-90000000
R41;180600000;-65145800;top;90000000
R42;206500000;-84500000;top;90000000
R43;191000000;-82500000;top;90000000
R44;206500000;-79000000;top;0
R45;186500000;-88500000;top;0
R46;201000000;-82000000;top;0
R47;191500000;-88000000;top;90000000
R48;202000000;-96500000;top;0
R49;197000000;-96500000;top;0
R50;156282500;-84787600;top;0
R51;173000000;-65116700;top;-90000000
R52;184500000;-65087500;top;-90000000
R53;188205000;-65100000;top;0
R54;204712500;-65100000;top;0
R55;100500000;-59500000;top;0
R56;102000000;-63000000;top;0
R57;95500000;-56000000;top;90000000
R58;96500000;-61000000;top;90000000
R59;93500000;-54500000;top;90000000
R60;93000000;-61000000;top;90000000
R61;106000000;-54500000;top;90000000
R62;102500000;-54500000;top;90000000
R63;105500000;-58500000;top;0
R64;96000000;-66000000;top;90000000
R65;82500000;-75500000;top;0
R66;77000000;-85500000;top;0
R67;90500000;-72000000;top;0
R68;100000000;-66500000;top;0
R69;86500000;-74500000;top;90000000
R70;99000000;-55500000;top;90000000
R72;79500000;-89500000;top;90000000
R73;81000000;-84500000;top;90000000
R74;92000000;-68500000;top;0
R75;95500000;-89500000;top;90000000
R76;122500000;-86500000;top;0
R77;117500000;-86500000;top;0
R78;123500000;-82500000;top;90000000
R79;120000000;-82500000;top;90000000
R80;122500000;-90000000;top;0
R81;110000000;-112500000;top;90000000
R82;113500000;-93000000;top;0
R83;109500000;-85500000;top;90000000
R84;110500000;-117500000;top;90000000
R85;128000000;-92000000;top;90000000
R86;132000000;-77000000;top;90000000
R87;127500000;-112000000;top;90000000
R88;112000000;-105500000;top;90000000
R89;110000000;-100500000;top;90000000
R90;113000000;-96500000;top;0
R91;115500000;-105500000;top;90000000
R92;122000000;-117500000;top;90000000
R93;169000000;-128500000;top;90000000
R94;169500000;-124000000;top;0
R95;169500000;-117000000;top;0
R96;170500000;-120500000;top;0
R97;169000000;-133500000;top;90000000
R98;172500000;-131000000;top;90000000
R99;205000000;-124000000;top;0
R100;203000000;-128000000;top;90000000
R101;199000000;-131000000;top;0
R102;190500000;-134500000;top;0
R103;209000000;-121500000;top;90000000
R104;196500000;-134500000;top;0
R105;119200000;-49700000;top;90000000
R106;119200000;-34800000;top;90000000
R107;121800000;-34800000;top;90000000
R108;185500000;-138000000;top;0
R109;189500000;-138500000;top;90000000
R110;207000000;-127500000;top;0
R111;204500000;-132000000;top;0
R112;200000000;-139000000;top;0
R113;116600000;-49700000;top;90000000
R114;80500000;-139000000;top;0
R115;69500000;-131000000;top;90000000
R116;85000000;-138000000;top;90000000
R117;72500000;-126500000;top;0
R118;79500000;-135500000;top;0
R119;70500000;-122500000;top;90000000
R120;80500000;-72000000;top;0
R121;128000000;-124000000;top;90000000
R122;78500000;-76500000;top;90000000
R123;158000000;-136500000;top;0
R124;153000000;-129500000;top;0
R125;153000000;-136500000;top;0
R126;158000000;-129500000;top;0
R127;163500000;-122000000;top;0
R128;163500000;-125500000;top;0
R129;158500000;-140000000;top;0
R130;166500000;-108000000;top;90000000
R131;161500000;-84000000;top;0
R132;166500000;-83500000;top;0
U2;156000000;-95000000;top;90000000
U3;151500000;-86000000;top;90000000
U4;125000000;-120000000;top;-90000000
U5;123500000;-124000000;top;-90000000
U6;169500000;-55500000;top;90000000
U8;189000000;-93000000;top;0
U9;169655900;-88224400;top;0
U10;102500000;-87500000;top;90000000
U11;120474500;-106609400;top;0
U12;123000000;-42250000;top;0
U13;205500000;-107000000;top;90000000
U14;173000000;-108000000;top;90000000
U15;78500000;-95000000;top;0
U16;78500000;-129500000;top;90000000
U17;91000000;-135500000;top;90000000
U18;162000000;-118000000;top;90000000
Y1;155500000;-125500000;top;90000000
