Designator,Mid X,Mid Y,Layer,Rotation,Package,Value
R71,200.486mm,-47.583mm,Bottom,0.000000,R_0805_2012Metric,10k
BT1,80.000mm,-54.500mm,Top,0.000000,BatteryHolder_Keystone_3034_1x20mm,ML2032
C1,167.000mm,-113.000mm,Top,90.000000,C_0805_2012Metric,100nF
C2,179.500mm,-89.500mm,Top,0.000000,C_0805_2012Metric,0.1uF
C3,167.000mm,-103.000mm,Top,90.000000,C_0805_2012Metric,0.1uF
C4,192.500mm,-99.000mm,Top,90.000000,C_0805_2012Metric,4.7nF
C5,161.500mm,-64.000mm,Top,0.000000,C_1206_3216Metric,10uF
C6,168.500mm,-79.000mm,Top,90.000000,C_1206_3216Metric,100nF 100V
C7,172.000mm,-79.500mm,Top,90.000000,C_0805_2012Metric,100nF
C8,149.974mm,-101.496mm,Top,0.000000,C_0805_2012Metric,470pF
C9,150.267mm,-80.731mm,Top,0.000000,C_0805_2012Metric,470pF
C10,128.000mm,-70.000mm,Top,0.000000,C_0805_2012Metric,1nF
C11,140.000mm,-77.500mm,Top,90.000000,C_0805_2012Metric,0.01uF
C12,119.500mm,-77.500mm,Top,90.000000,C_0805_2012Metric,1nF
C13,132.500mm,-69.000mm,Top,90.000000,C_0805_2012Metric,0.1uF
C14,137.000mm,-72.500mm,Top,90.000000,C_0805_2012Metric,1uF
C15,181.000mm,-86.000mm,Top,0.000000,C_0805_2012Metric,0.1uF
C16,171.500mm,-94.500mm,Top,90.000000,CP_Elec_6.3x7.7,33uF
C17,186.000mm,-85.000mm,Top,0.000000,C_0805_2012Metric,0.1uF
C18,183.000mm,-105.500mm,Top,0.000000,CP_Elec_6.3x7.7,33uF
C19,176.000mm,-84.000mm,Top,0.000000,C_0805_2012Metric,100n
C20,150.072mm,-105.132mm,Top,0.000000,C_0805_2012Metric,100n
C21,80.500mm,-80.500mm,Top,0.000000,C_0805_2012Metric,100nF
C22,85.500mm,-70.500mm,Top,0.000000,C_0805_2012Metric,100nF
C23,91.500mm,-65.000mm,Top,0.000000,C_0805_2012Metric,100nF
C24,101.000mm,-70.500mm,Top,90.000000,C_0805_2012Metric,100nF
C25,90.500mm,-75.500mm,Top,0.000000,C_0805_2012Metric,100nF
C26,84.500mm,-84.500mm,Top,90.000000,C_0805_2012Metric,1nF
C27,105.000mm,-71.000mm,Top,0.000000,C_0805_2012Metric,10nF
C28,86.500mm,-89.500mm,Top,90.000000,C_0805_2012Metric,10nF
C29,88.500mm,-80.500mm,Top,0.000000,C_0805_2012Metric,10nF
C30,97.000mm,-70.000mm,Top,0.000000,C_0805_2012Metric,100nF
C31,83.000mm,-89.500mm,Top,90.000000,C_0805_2012Metric,100nF
C32,84.500mm,-79.500mm,Top,90.000000,C_0805_2012Metric,100nF
C33,105.000mm,-67.500mm,Top,0.000000,C_0805_2012Metric,10nF
C34,87.500mm,-66.500mm,Top,90.000000,C_0805_2012Metric,100nF
C35,118.000mm,-91.000mm,Top,90.000000,C_0805_2012Metric,100nF
C36,112.500mm,-89.500mm,Top,0.000000,C_0805_2012Metric,100nF
C37,118.500mm,-95.000mm,Top,0.000000,C_0805_2012Metric,100nF
C38,114.000mm,-116.000mm,Top,90.000000,C_0805_2012Metric,100nF
C39,118.000mm,-115.000mm,Top,0.000000,C_0805_2012Metric,10nF
C40,126.000mm,-116.000mm,Top,0.000000,C_0805_2012Metric,10nF
C41,127.500mm,-97.000mm,Top,90.000000,C_0805_2012Metric,100nF
C42,114.000mm,-100.500mm,Top,90.000000,C_0805_2012Metric,100nF
C43,127.000mm,-132.000mm,Top,0.000000,C_0805_2012Metric,100nF
C44,203.500mm,-100.000mm,Top,0.000000,C_0805_2012Metric,10n
C45,161.000mm,-98.500mm,Top,90.000000,C_0805_2012Metric,10n
C46,195.000mm,-106.500mm,Top,0.000000,CP_Elec_8x10,100u/50V
C47,127.000mm,-34.800mm,Top,90.000000,C_0805_2012Metric,1u
C48,116.600mm,-34.800mm,Top,90.000000,C_0805_2012Metric,220n
C49,124.400mm,-34.800mm,Top,90.000000,C_0805_2012Metric,22n
C50,129.600mm,-34.800mm,Top,90.000000,C_0805_2012Metric,1n
C51,165.000mm,-99.000mm,Top,0.000000,C_0805_2012Metric,100n
C52,165.500mm,-95.000mm,Top,90.000000,C_0805_2012Metric,100n
C53,111.500mm,-131.500mm,Top,0.000000,C_1210_3225Metric,100nF/100V
C54,105.000mm,-140.000mm,Top,0.000000,C_1210_3225Metric,100nF/100V
C55,117.500mm,-129.500mm,Top,0.000000,C_1210_3225Metric,4.7uF/100V
C56,111.500mm,-127.000mm,Top,0.000000,C_1210_3225Metric,4.7uF/100V
C57,76.500mm,-139.500mm,Top,90.000000,C_0805_2012Metric,1uF/50V
C58,119.000mm,-138.000mm,Top,0.000000,C_0805_2012Metric,10uF/10V
C59,71.000mm,-115.500mm,Top,90.000000,C_0805_2012Metric,100nF/25V
C60,83.500mm,-133.000mm,Top,90.000000,C_0805_2012Metric,39pF
C61,87.500mm,-117.500mm,Top,0.000000,CP_Elec_8x10,100uF/50V
C62,68.500mm,-115.500mm,Top,90.000000,C_0805_2012Metric,6800pF
C63,109.000mm,-80.500mm,Top,90.000000,C_0805_2012Metric,10uF/10V
C64,113.000mm,-136.000mm,Top,0.000000,C_1210_3225Metric,22uF/10V
C65,99.000mm,-140.000mm,Top,0.000000,C_1210_3225Metric,100nF/100V
C66,73.000mm,-130.500mm,Top,90.000000,C_0805_2012Metric,100nF/25V
C67,124.500mm,-135.500mm,Top,0.000000,C_0805_2012Metric,100nF
C68,114.000mm,-140.000mm,Top,0.000000,C_0805_2012Metric,100nF
C69,102.000mm,-132.500mm,Top,0.000000,CP_Elec_8x10,100uF/50V
C70,123.500mm,-128.000mm,Top,0.000000,C_1210_3225Metric,47uF/10V X7R
C71,111.500mm,-122.500mm,Top,0.000000,C_1210_3225Metric,10uF/50V X7R
C72,119.000mm,-134.000mm,Top,0.000000,C_1210_3225Metric,47uF/10V X7R
C73,117.500mm,-125.000mm,Top,0.000000,C_1210_3225Metric,100nF/100V
C74,69.000mm,-94.950mm,Top,-90.000000,C_0805_2012Metric,100nF
C75,153.000mm,-133.000mm,Top,0.000000,C_0805_2012Metric,0.01uF
C76,161.500mm,-94.500mm,Top,0.000000,C_0805_2012Metric,CC0805KRX7R9BB104
C77,150.500mm,-92.500mm,Top,0.000000,C_0805_2012Metric,100nF
C78,162.500mm,-91.000mm,Top,0.000000,C_0805_2012Metric,CC0805KRX7R9BB104
C79,162.000mm,-87.500mm,Top,0.000000,C_0805_2012Metric,CC0805KKX7R7BB475
C80,158.000mm,-133.000mm,Top,0.000000,C_0805_2012Metric,CC0805KRX7R9BB104
C81,163.500mm,-139.000mm,Top,0.000000,C_0805_2012Metric,CC0805JRX7R9BB332
C82,154.500mm,-140.500mm,Top,90.000000,C_0805_2012Metric,CC0805JRX7R9BB332
D1,146.000mm,-77.650mm,Top,90.000000,D_PowerDI-123,D_Schottky
D2,162.500mm,-54.500mm,Top,0.000000,D_SMA,SMAJ5.0A
D3,169.500mm,-61.000mm,Top,90.000000,SOT-23,NUP2105L
D4,150.620mm,-98.110mm,Top,0.000000,SOT-23,BAV199
D5,156.644mm,-88.102mm,Top,0.000000,SOT-23,BAV199
D6,123.014mm,-113.495mm,Top,0.000000,SOT-23,BAV199
D7,150.211mm,-116.034mm,Top,0.000000,SOT-23,BAV199
D8,176.900mm,-61.583mm,Top,-90.000000,LED_0805_2012Metric,LED
D9,180.600mm,-61.671mm,Top,-90.000000,LED_0805_2012Metric,LED
D10,176.900mm,-58.171mm,Top,-90.000000,D_SOD-323,D
D11,180.600mm,-58.258mm,Top,-90.000000,D_SOD-323,D
D12,173.000mm,-58.229mm,Top,-90.000000,D_SOD-323,D
D13,184.500mm,-58.200mm,Top,-90.000000,D_SOD-323,D
D14,173.000mm,-61.642mm,Top,-90.000000,LED_0805_2012Metric,LED
D15,184.500mm,-61.612mm,Top,-90.000000,LED_0805_2012Metric,LED
D16,91.000mm,-89.500mm,Top,0.000000,SOT-23,BAV199
D17,100.500mm,-75.500mm,Top,0.000000,SOT-23,BAV199
D18,94.000mm,-84.500mm,Top,90.000000,SOT-23,BAV199
D19,105.500mm,-75.500mm,Top,90.000000,SOT-23,BAV199
D20,104.500mm,-80.500mm,Top,0.000000,SOT-23,BAV199
D21,99.000mm,-80.500mm,Top,0.000000,SOT-23,BAV199
D22,73.500mm,-89.500mm,Top,0.000000,D_SMA,3V6 1W (SMA)
D23,89.000mm,-84.500mm,Top,0.000000,SOT-23,BAV199
D24,95.500mm,-74.500mm,Top,90.000000,SOT-23,BAV199
D25,93.500mm,-79.500mm,Top,0.000000,SOT-23,BAV199
D26,118.000mm,-99.500mm,Top,90.000000,SOT-23,BAV199
D27,123.500mm,-94.500mm,Top,90.000000,SOT-23,BAV199
D28,123.000mm,-99.500mm,Top,0.000000,SOT-23,BAV199
D29,118.000mm,-120.000mm,Top,90.000000,SOT-23,BAV199
D30,114.500mm,-110.500mm,Top,0.000000,SOT-23,BAV199
D31,192.500mm,-130.500mm,Top,0.000000,D_SMA,SS34
D32,185.500mm,-132.000mm,Top,90.000000,D_SMA,SS34
D33,196.000mm,-116.000mm,Top,90.000000,D_SMA,SS34
D34,198.500mm,-123.000mm,Top,0.000000,D_SMA,SS34
D35,179.000mm,-130.500mm,Top,0.000000,D_SMA,SS34
D36,179.000mm,-135.500mm,Top,0.000000,D_SMA,SS34
D37,200.500mm,-117.000mm,Top,90.000000,D_SOD-123,1N4148W
D38,170.000mm,-139.000mm,Top,90.000000,D_SOD-123,1N4148W
D39,206.500mm,-116.500mm,Top,0.000000,D_SMA,SS34
D40,176.000mm,-140.500mm,Top,0.000000,D_SMA,SS34
D41,101.000mm,-102.000mm,Top,0.000000,D_DO-218AB,SM8S24A
D42,87.500mm,-126.500mm,Top,0.000000,D_SMC,B560C
D43,72.000mm,-85.500mm,Top,0.000000,LED_0805_2012Metric,LED grn
D44,124.500mm,-139.000mm,Top,0.000000,LED_0805_2012Metric,LED grn
D45,76.000mm,-81.500mm,Top,90.000000,LED_0805_2012Metric,LED grn
D46,163.000mm,-129.500mm,Top,0.000000,SOT-23,BAV199
D47,163.500mm,-134.500mm,Top,90.000000,SOT-23,BAV199
F1,162.500mm,-59.500mm,Top,0.000000,Fuse_1812_4532Metric,150mA
F2,72.500mm,-95.500mm,Top,0.000000,Fuse_1206_3216Metric,3A / 63V
IC1,126.000mm,-75.000mm,Top,0.000000,QSOP-16_3.9x4.9mm_P0.635mm,MAX9926UAEE_V+
IC2,189.765mm,-123.388mm,Top,-90.000000,SOT153P700X170-8N,ZXMS6006DT8
IC3,183.000mm,-114.500mm,Top,0.000000,SOT153P700X170-8N,ZXMS6006DT8
IC4,181.265mm,-123.388mm,Top,-90.000000,SOT153P700X170-8N,ZXMS6006DT8
IC5,77.000mm,-119.500mm,Top,90.000000,SOT-223-3_TabPin2,LD1117S33
IC6,155.500mm,-119.500mm,Top,0.000000,TSSOP-14_4.4x5mm_P0.65mm,74AHCT125T14-13
IC7,158.000mm,-108.500mm,Top,0.000000,SOIC-20W_7.5x12.8mm_P1.27mm,TPIC8101DW
J1,127.000mm,-80.190mm,Top,0.000000,PinHeader_1x04_P2.54mm_Vertical,Conn_01x04
J2,206.000mm,-36.500mm,Top,180.000000,6437288-3,~
L1,74.500mm,-104.500mm,Top,0.000000,L_Bourns_SRR1260,10uH / 3.3A
L2,100.500mm,-120.000mm,Top,0.000000,L_Bourns_SRR1260,8.2uH / 5A
NT1,172.500mm,-76.000mm,Top,0.000000,NetTie-2_SMD_Pad0.5mm,NetTie_2
NT2,169.500mm,-75.000mm,Top,0.000000,NetTie-2_SMD_Pad0.5mm,NetTie_2
Q1,196.100mm,-60.135mm,Top,90.000000,TO254P470X1016X2019-3P,ISL9V5036P3-F085
Q2,201.200mm,-60.135mm,Top,90.000000,TO254P470X1016X2019-3P,ISL9V5036P3-F085
Q3,191.000mm,-60.135mm,Top,90.000000,TO254P470X1016X2019-3P,ISL9V5036P3-F085
Q4,206.300mm,-60.135mm,Top,90.000000,TO254P470X1016X2019-3P,ISL9V5036P3-F085
Q5,175.000mm,-124.500mm,Top,0.000000,SOT-23,BSS138
Q6,88.000mm,-101.500mm,Top,90.000000,TO-263-2,SQM120N06-3M5L
R1,143.500mm,-78.412mm,Top,90.000000,R_0805_2012Metric,1k
R2,128.000mm,-102.000mm,Top,90.000000,R_0805_2012Metric,10k
R3,113.276mm,-83.711mm,Top,180.000000,R_0805_2012Metric,10k
R4,169.986mm,-100.588mm,Top,0.000000,R_0805_2012Metric,10k
R5,151.099mm,-94.883mm,Top,0.000000,R_0805_2012Metric,10k
R6,175.000mm,-54.000mm,Top,90.000000,R_0805_2012Metric,60.4R
R7,185.500mm,-68.500mm,Top,0.000000,R_0805_2012Metric,60.4R
R8,128.000mm,-107.000mm,Top,90.000000,R_0805_2012Metric,10k
R9,147.241mm,-52.991mm,Top,0.000000,R_0805_2012Metric,0R DNP
R10,155.118mm,-52.844mm,Top,0.000000,R_0805_2012Metric,0R DNP
R11,138.644mm,-56.250mm,Top,0.000000,R_0805_2012Metric,0R
R12,149.402mm,-78.296mm,Top,0.000000,R_0805_2012Metric,470R
R13,142.652mm,-57.269mm,Top,0.000000,R_0805_2012Metric,0R
R14,136.216mm,-78.930mm,Top,0.000000,R_0805_2012Metric,470R
R15,122.727mm,-79.499mm,Top,0.000000,R_0805_2012Metric,10k DNP
R16,150.074mm,-108.148mm,Top,0.000000,R_0805_2012Metric,10k DNP
R17,134.920mm,-76.335mm,Top,0.000000,R_0805_2012Metric,1k
R18,154.044mm,-80.449mm,Top,0.000000,R_0805_2012Metric,1k
R19,120.126mm,-72.331mm,Top,0.000000,R_0805_2012Metric,0R
R20,119.946mm,-74.556mm,Top,0.000000,R_0805_2012Metric,0R
R21,132.104mm,-73.661mm,Top,0.000000,R_0805_2012Metric,0R DNP
R22,120.979mm,-92.335mm,Top,0.000000,R_0805_2012Metric,0R DNP
R23,123.000mm,-64.500mm,Top,0.000000,R_1206_3216Metric,10k
R24,129.000mm,-55.000mm,Top,90.000000,R_1206_3216Metric,10k
R25,125.000mm,-55.500mm,Top,90.000000,R_1206_3216Metric,10k
R26,118.000mm,-67.000mm,Top,90.000000,R_1206_3216Metric,10k
R27,173.500mm,-87.500mm,Top,0.000000,R_0805_2012Metric,10k
R28,193.700mm,-65.100mm,Top,0.000000,R_0805_2012Metric,33
R29,199.200mm,-65.100mm,Top,0.000000,R_0805_2012Metric,33
R30,207.000mm,-92.000mm,Top,90.000000,R_2512_6332Metric,20m
R31,209.500mm,-57.500mm,Top,90.000000,R_0805_2012Metric,10k
R32,198.500mm,-68.000mm,Top,0.000000,R_0805_2012Metric,10k
R33,185.000mm,-54.500mm,Top,0.000000,R_0805_2012Metric,10k
R34,209.500mm,-62.500mm,Top,90.000000,R_0805_2012Metric,10k
R35,181.914mm,-83.556mm,Top,0.000000,R_0805_2012Metric,10k
R36,205.000mm,-68.000mm,Top,0.000000,R_1206_3216Metric,18k
R37,193.000mm,-68.500mm,Top,0.000000,R_1206_3216Metric,18k
R38,179.500mm,-54.500mm,Top,0.000000,R_1206_3216Metric,18k
R39,199.000mm,-71.500mm,Top,0.000000,R_1206_3216Metric,18k
R40,176.900mm,-65.058mm,Top,-90.000000,R_0805_2012Metric,1k
R41,180.600mm,-65.146mm,Top,90.000000,R_0805_2012Metric,1k
R42,206.500mm,-84.500mm,Top,90.000000,R_1206_3216Metric,18k
R43,191.000mm,-82.500mm,Top,90.000000,R_1206_3216Metric,18k
R44,206.500mm,-79.000mm,Top,0.000000,R_1206_3216Metric,18k
R45,186.500mm,-88.500mm,Top,0.000000,R_1206_3216Metric,18k
R46,201.000mm,-82.000mm,Top,0.000000,R_0805_2012Metric,4.02k
R47,191.500mm,-88.000mm,Top,90.000000,R_0805_2012Metric,4.02k
R48,202.000mm,-96.500mm,Top,0.000000,R_0805_2012Metric,4.02k
R49,197.000mm,-96.500mm,Top,0.000000,R_0805_2012Metric,4.02k
R50,156.282mm,-84.788mm,Top,0.000000,R_0805_2012Metric,100k
R51,173.000mm,-65.117mm,Top,-90.000000,R_0805_2012Metric,1k
R52,184.500mm,-65.088mm,Top,-90.000000,R_0805_2012Metric,1k
R53,188.205mm,-65.100mm,Top,0.000000,R_0805_2012Metric,33
R54,204.713mm,-65.100mm,Top,0.000000,R_0805_2012Metric,33
R55,100.500mm,-59.500mm,Top,0.000000,R_0805_2012Metric,2k49
R56,102.000mm,-63.000mm,Top,0.000000,R_0805_2012Metric,2k49
R57,95.500mm,-56.000mm,Top,90.000000,R_0805_2012Metric,2k2
R58,96.500mm,-61.000mm,Top,90.000000,R_0805_2012Metric,470R
R59,93.500mm,-54.500mm,Top,90.000000,R_0805_2012Metric,470R
R60,93.000mm,-61.000mm,Top,90.000000,R_0805_2012Metric,470R
R61,106.000mm,-54.500mm,Top,90.000000,R_0805_2012Metric,470R
R62,102.500mm,-54.500mm,Top,90.000000,R_0805_2012Metric,470R
R63,105.500mm,-58.500mm,Top,0.000000,R_0805_2012Metric,1k
R64,96.000mm,-66.000mm,Top,90.000000,R_0805_2012Metric,12k
R65,82.500mm,-75.500mm,Top,0.000000,R_0805_2012Metric,12k
R66,77.000mm,-85.500mm,Top,0.000000,R_0805_2012Metric,12k
R67,90.500mm,-72.000mm,Top,0.000000,R_0805_2012Metric,20k
R68,100.000mm,-66.500mm,Top,0.000000,R_0805_2012Metric,20k
R69,86.500mm,-74.500mm,Top,90.000000,R_0805_2012Metric,20k
R70,99.000mm,-55.500mm,Top,90.000000,R_0805_2012Metric,470R
R72,79.500mm,-89.500mm,Top,90.000000,R_0805_2012Metric,47k
R73,81.000mm,-84.500mm,Top,90.000000,R_0805_2012Metric,10k
R74,92.000mm,-68.500mm,Top,0.000000,R_0805_2012Metric,10k
R75,95.500mm,-89.500mm,Top,90.000000,R_0805_2012Metric,1k
R76,122.500mm,-86.500mm,Top,0.000000,R_0805_2012Metric,470R
R77,117.500mm,-86.500mm,Top,0.000000,R_0805_2012Metric,470R
R78,123.500mm,-82.500mm,Top,90.000000,R_0805_2012Metric,10k
R79,120.000mm,-82.500mm,Top,90.000000,R_0805_2012Metric,10k
R80,122.500mm,-90.000mm,Top,0.000000,R_0805_2012Metric,10k
R81,110.000mm,-112.500mm,Top,90.000000,R_0805_2012Metric,10k
R82,113.500mm,-93.000mm,Top,0.000000,R_0805_2012Metric,12k
R83,109.500mm,-85.500mm,Top,90.000000,R_0805_2012Metric,12k
R84,110.500mm,-117.500mm,Top,90.000000,R_0805_2012Metric,20k
R85,128.000mm,-92.000mm,Top,90.000000,R_0805_2012Metric,20k
R86,132.000mm,-77.000mm,Top,90.000000,R_0805_2012Metric,470R
R87,127.500mm,-112.000mm,Top,90.000000,R_0805_2012Metric,12k
R88,112.000mm,-105.500mm,Top,90.000000,R_0805_2012Metric,12k
R89,110.000mm,-100.500mm,Top,90.000000,R_0805_2012Metric,10k
R90,113.000mm,-96.500mm,Top,0.000000,R_0805_2012Metric,5k6
R91,115.500mm,-105.500mm,Top,90.000000,R_0805_2012Metric,1M
R92,122.000mm,-117.500mm,Top,90.000000,R_0805_2012Metric,1k
R93,169.000mm,-128.500mm,Top,90.000000,R_0805_2012Metric,1k
R94,169.500mm,-124.000mm,Top,0.000000,R_0805_2012Metric,1k
R95,169.500mm,-117.000mm,Top,0.000000,R_0805_2012Metric,1k
R96,170.500mm,-120.500mm,Top,0.000000,R_0805_2012Metric,1k
R97,169.000mm,-133.500mm,Top,90.000000,R_0805_2012Metric,1k
R98,172.500mm,-131.000mm,Top,90.000000,R_0805_2012Metric,1k
R99,205.000mm,-124.000mm,Top,0.000000,R_0805_2012Metric,100k
R100,203.000mm,-128.000mm,Top,90.000000,R_0805_2012Metric,100k
R101,199.000mm,-131.000mm,Top,0.000000,R_0805_2012Metric,100k
R102,190.500mm,-134.500mm,Top,0.000000,R_0805_2012Metric,100k
R103,209.000mm,-121.500mm,Top,90.000000,R_0805_2012Metric,100k
R104,196.500mm,-134.500mm,Top,0.000000,R_0805_2012Metric,100k
R105,119.200mm,-49.700mm,Top,90.000000,R_0805_2012Metric,15k
R106,119.200mm,-34.800mm,Top,90.000000,R_0805_2012Metric,10k
R107,121.800mm,-34.800mm,Top,90.000000,R_0805_2012Metric,330k
R108,185.500mm,-138.000mm,Top,0.000000,R_0805_2012Metric,100k
R109,189.500mm,-138.500mm,Top,90.000000,R_0805_2012Metric,100k
R110,207.000mm,-127.500mm,Top,0.000000,R_0805_2012Metric,10k
R111,204.500mm,-132.000mm,Top,0.000000,R_0805_2012Metric,10k
R112,200.000mm,-139.000mm,Top,0.000000,R_0805_2012Metric,100k
R113,116.600mm,-49.700mm,Top,90.000000,R_0805_2012Metric,10k
R114,80.500mm,-139.000mm,Top,0.000000,R_0805_2012Metric,237k
R115,69.500mm,-131.000mm,Top,90.000000,R_0805_2012Metric,56k2
R116,85.000mm,-138.000mm,Top,90.000000,R_0805_2012Metric,162k
R117,72.500mm,-126.500mm,Top,0.000000,R_0805_2012Metric,53k6
R118,79.500mm,-135.500mm,Top,0.000000,R_0805_2012Metric,10k2
R119,70.500mm,-122.500mm,Top,90.000000,R_0805_2012Metric,13k
R120,80.500mm,-72.000mm,Top,0.000000,R_0805_2012Metric,470R
R121,128.000mm,-124.000mm,Top,90.000000,R_0805_2012Metric,2k2
R122,78.500mm,-76.500mm,Top,90.000000,R_0805_2012Metric,1k
R123,158.000mm,-136.500mm,Top,0.000000,R_0805_2012Metric,10k
R124,153.000mm,-129.500mm,Top,0.000000,R_0805_2012Metric,1k
R125,153.000mm,-136.500mm,Top,0.000000,R_0805_2012Metric,2k
R126,158.000mm,-129.500mm,Top,0.000000,R_0805_2012Metric,RC0805FR-071ML
R127,163.500mm,-122.000mm,Top,0.000000,R_0805_2012Metric,RC0805FR-07100KL
R128,163.500mm,-125.500mm,Top,0.000000,R_0805_2012Metric,RC0805FR-07100KL
R129,158.500mm,-140.000mm,Top,0.000000,R_0805_2012Metric,RC0805FR-07100KL
R130,166.500mm,-108.000mm,Top,90.000000,R_0805_2012Metric,RC0805FR-07100KL
R131,161.500mm,-84.000mm,Top,0.000000,R_0805_2012Metric,RC0805FR-071ML
R132,166.500mm,-83.500mm,Top,0.000000,R_0805_2012Metric,RC0805FR-071ML
TP1,150.000mm,-125.000mm,Top,0.000000,TestPoint_Pad_D1.5mm,TP_PROGRAM
TP2,150.500mm,-140.000mm,Top,0.000000,TestPoint_Pad_D1.5mm,TP_ON_OFF
U1,139.000mm,-112.080mm,Top,-90.000000,Teensy41,Teensy4.1
U2,156.000mm,-95.000mm,Top,90.000000,SOIC-8_5.3x5.3mm_P1.27mm,W25Q32JVSS
U3,151.500mm,-86.000mm,Top,90.000000,SOIC-8_3.9x4.9mm_P1.27mm,MCP2562-E-SN
U4,125.000mm,-120.000mm,Top,-90.000000,SOT-353_SC-70-5,74AHC1G32
U5,123.500mm,-124.000mm,Top,-90.000000,LGA-14_3x5mm_P0.8mm_LayoutBorder1x6y,ADXL343
U6,169.500mm,-55.500mm,Top,90.000000,SOT-23-6,USBLC6-2SC6
U7,198.765mm,-89.100mm,Top,-90.000000,SOIC32-P0.65-33N,MC33810
U8,189.000mm,-93.000mm,Top,0.000000,SOT-23-5,TPS3823-33DBV
U9,169.656mm,-88.224mm,Top,0.000000,SOT-353_SC-70-5,74LVC1G00
U10,102.500mm,-87.500mm,Top,90.000000,SOIC-14_3.9x8.7mm_P1.27mm,LMV324
U11,120.475mm,-106.609mm,Top,0.000000,SOIC-14_3.9x8.7mm_P1.27mm,LMV324
U12,123.000mm,-42.250mm,Top,0.000000,HTSSOP-28-1EP_4.4x9.7mm_P0.65mm_EP2.85x5.4mm_ThermalVias,DRV8434A
U13,205.500mm,-107.000mm,Top,90.000000,TO-252-5_TabPin3,BTF3050TE
U14,173.000mm,-108.000mm,Top,90.000000,TO-252-5_TabPin3,BTF3050TE
U15,78.500mm,-95.000mm,Top,0.000000,SOT-23-6,LM74700-Q1
U16,78.500mm,-129.500mm,Top,90.000000,HSOP-8-1EP_3.9x4.9mm_P1.27mm_EP2.41x3.1mm_ThermalVias,TPS54360B-Q1
U17,91.000mm,-135.500mm,Top,90.000000,SOT-223-3_TabPin2,TPS7B6950-Q1
U18,162.000mm,-118.000mm,Top,90.000000,SOT-353_SC-70-5,74LVC1G125
Y1,155.500mm,-125.500mm,Top,90.000000,Resonator_SMD_Murata_CSTCR_4.5x2x1.15mm,CSTCR4M00G53-R0
