Line#,Qty,Designator,MPN,Manufacturer,Description,Package,Type,Supplier,Supplier Part Number,Notes
1,1,BT1,3034,Keystone Electronics,ML2032,BatteryHolder_Keystone_3034_1x20mm,THT,DigiKey,36-3034-ND,SMD-Halter 20 mm (Keystone 3034); Zelle ML2032 separat: Jauch ML2032 / DK 1908-ML2032-ND. Keine CR2032 (nicht ladbar)!
2,22,"C1,C38,C41,C43,C35,C42,C36,C37,C68,C74,C67,C21,C25,C22,C31,C32,C30,C34,C23,C24,C77,C7",CC0805KRX7R9BB104,Yageo,Kondensator 100nF X7R 50V ±10% 0805,0805,SMD,DigiKey,311-1140-1-ND,
3,1,C4,CC0805KRX7R9BB472,Yageo,Kondensator 4.7nF X7R 50V ±10% 0805,0805,SMD,DigiKey,311-1133-1-ND,
4,1,C5,GRM31CR71E106KA12L,Murata,Kondensator 10µF X7R 25V ±10% 1206,1206,SMD,DigiKey,490-6518-1-ND,
5,1,C6,C1206C104K1RACTU,KEMET,Kondensator 100nF X7R 100V ±10% 1206,1206,SMD,DigiKey,399-C1206C104K1RACTUCT-ND,
6,2,"C8,C9",CC0805KRX7R9BB471,Yageo,Kondensator 470pF X7R 50V ±10% 0805,0805,SMD,DigiKey,311-1124-1-ND,
7,2,"C11,C75",CC0805KRX7R9BB103,Yageo,Kondensator 0.01uF X7R 50V ±10% 0805,0805,SMD,DigiKey,311-1136-1-ND,
8,3,"C12,C10,C26",C0805C102J5HACAUTO,Kemet,Kondensator 1nF C0G 50V ±5% 0805 AEC-Q200,0805,SMD,DigiKey,399-16591-1-ND,
9,5,"C13,C3,C2,C15,C17",CC0805KRX7R9BB104,Yageo,Kondensator 0.1uF X7R 50V ±10% 0805,0805,SMD,DigiKey,311-1140-1-ND,
10,1,C14,CC0805KKX7R7BB105,Yageo,Kondensator 1uF X7R 16V ±10% 0805,0805,SMD,DigiKey,311-1365-1-ND,
11,2,"C18,C16",EEE-1HA330XP,Panasonic,Elko 33µF 50V SMD 6.3x7.7mm 105°C,CP_Elec_6.3x7.7,SMD,DigiKey,PCE3925CT-ND,
12,4,"C20,C19,C51,C52",CC0805KRX7R9BB104,Yageo,Kondensator 100n X7R 50V ±10% 0805,0805,SMD,DigiKey,311-1140-1-ND,
13,6,"C40,C39,C28,C29,C27,C33",CC0805KRX7R9BB103,Yageo,Kondensator 10nF X7R 50V ±10% 0805,0805,SMD,DigiKey,311-1136-1-ND,
14,2,"C45,C44",CC0805KRX7R9BB103,Yageo,Kondensator 10n X7R 50V ±10% 0805,0805,SMD,DigiKey,311-1136-1-ND,
15,1,C46,EEE-FK1H101GP,Panasonic,Elko 100µF 50V SMD 8x10mm 105°C,CP_Elec_8x10,SMD,DigiKey,PCE4323CT-ND,
16,1,C47,CC0805KKX7R7BB105,Yageo,Kondensator 1u X7R 16V ±10% 0805,0805,SMD,DigiKey,311-1365-1-ND,
17,1,C48,CC0805KKX7R9BB224,Yageo,Kondensator 220n X7R 50V ±10% 0805,0805,SMD,DigiKey,311-1887-1-ND,
18,1,C49,CC0805KRX7R9BB223,Yageo,Kondensator 22n X7R 50V ±10% 0805,0805,SMD,DigiKey,311-1138-1-ND,
19,1,C50,C0805C102J5HACAUTO,KEMET,Kondensator 1nF C0G 50V ±5% 0805 AEC-Q200,0805,SMD,DigiKey,399-16591-1-ND,
20,4,"C53,C73,C54,C65",C1210C104K1RACTU,KEMET,Kondensator 100nF X7R 100V ±10% 1210,1210,SMD,DigiKey,399-C1210C104K1RACTUCT-ND,
21,2,"C56,C55",C3225X7S2A475K200AB,TDK,Kondensator 4.7µF X7S 100V ±10% 1210,1210,SMD,DigiKey,445-6042-1-ND,
22,1,C57,CC0805KKX7R9BB105,Yageo,Kondensator 1uF/50V X7R 50V ±10% 0805,0805,SMD,DigiKey,311-1886-1-ND,
23,2,"C58,C63",CL21A106KPFNNNE,Samsung Electro-Mechanics,Kondensator 10µF X5R 10V ±10% 0805,0805,SMD,DigiKey,1276-1052-1-ND,
24,1,C60,CC0805JRNPO9BN390,Yageo,Kondensator 39pF NP0/C0G 50V ±5% 0805,0805,SMD,DigiKey,311-1106-1-ND,
25,2,"C61,C69",EEE-FK1H101GP,Panasonic,Elko 100µF 50V SMD 8x10mm 105°C,CP_Elec_8x10,SMD,DigiKey,PCE4323CT-ND,
26,1,C62,CC0805KRX7R9BB682,Yageo,Kondensator 6800pF X7R 50V ±10% 0805,0805,SMD,DigiKey,311-1135-1-ND,
27,1,C64,GRM32ER71A226KE20L,Murata,Kondensator 22µF X7R 10V ±10% 1210,1210,SMD,DigiKey,490-1876-1-ND,
28,2,"C66,C59",CC0805KRX7R9BB104,Yageo,Kondensator 100nF/25V X7R 50V ±10% 0805,0805,SMD,DigiKey,311-1140-1-ND,
29,1,C71,C3225X7R1H106K250AC,TDK,Kondensator 10µF X7R 50V ±10% 1210,1210,SMD,DigiKey,445-C3225X7R1H106K250ACCT-ND,
30,2,"C72,C70",CL32A476KOJNNNE,Samsung Electro-Mechanics,Kondensator 47µF X5R 16V ±10% 1210,1210,SMD,DigiKey,1276-3376-1-ND,
31,3,"C78,C80,C76",CC0805KRX7R9BB104,Yageo,Kondensator CC0805KRX7R9BB104 X7R 50V ±10% 0805,0805,SMD,DigiKey,311-1140-1-ND,
32,1,C79,CC0805KKX7R7BB475,Yageo,Kondensator CC0805KKX7R7BB475 X7R 16V ±10% 0805,0805,SMD,DigiKey,311-1883-1-ND,
33,2,"C82,C81",CC0805JRX7R9BB332,Yageo,Kondensator CC0805JRX7R9BB332 X7R 50V ±5% 0805,0805,SMD,DigiKey,311-4277-1-ND,
34,1,D1,DFLS240-7,Diodes Incorporated,Schottky 2A 40V PowerDI-123,PowerDI-123,SMD,DigiKey,DFLS240-7DICT-ND,
35,1,D2,SMAJ5.0A,Littelfuse,TVS 5V unidirektional 400W SMA,SMA,SMD,DigiKey,SMAJ5.0ALFCT-ND,
36,1,D3,NUP2105LT1G,onsemi,CAN-ESD-Schutz NUP2105L SOT-23,SOT-23,SMD,DigiKey,NUP2105LT1GOSCT-ND,
37,4,"D11,D12,D10,D13",1N4448WX-TP,MCC,Schaltdiode 1N4448WX SOD-323,SOD-323,SMD,DigiKey,1N4448WXTPMSCT-ND,
38,4,"D15,D8,D14,D9",LTST-C170KRKT,Lite-On,LED rot 0805,0805,SMD,DigiKey,160-1415-1-ND,
39,1,D22,1SMA5914BT3G,onsemi,Z-Diode 3.6V 1.5W SMA,SMA,SMD,DigiKey,1SMA5914BT3GOSCT-ND,
40,20,"D30,D27,D26,D28,D29,D7,D4,D5,D6,D20,D19,D25,D24,D23,D17,D16,D18,D21,D46,D47",BAV199LT1G,onsemi,Doppel-Klemmdiode BAV199 SOT-23,SOT-23,SMD,DigiKey,BAV199LT1GOSCT-ND,
41,8,"D31,D35,D40,D34,D36,D32,D33,D39",B340A-13-F,Diodes Incorporated,Schottky 3A 40V SMA,SMA,SMD,DigiKey,B340A-FDICT-ND,Ersatz fuer SS34: 3A/40V Schottky in SMA (SS34 meist SMC)
42,2,"D38,D37",1N4148W-7-F,Diodes Incorporated,Schaltdiode 1N4148W SOD-123,SOD-123,SMD,DigiKey,1N4148W-FDICT-ND,
43,1,D41,SM8S24A,SMC Diode Solutions,TVS 24V 6600W Load-Dump DO-218AB,DO-218AB,SMD,DigiKey,1655-SM8S24ACT-ND,
44,1,D42,B560C-13-F,Diodes Incorporated,Schottky 5A 60V SMC,SMC,SMD,DigiKey,B560C-FDICT-ND,
45,3,"D43,D44,D45",LTST-C170GKT,Lite-On,LED grün 0805,0805,SMD,DigiKey,160-1179-1-ND,
46,1,F1,1812L014DR,Littelfuse,PTC-Sicherung 140mA hold 60V 1812,1812,SMD,DigiKey,F3353CT-ND,"PTC 140mA hold (naechster Standardwert zu 150mA), 60V"
47,1,F2,0483003.DR,Littelfuse,Sicherung 3A 65V flink 1206,1206,SMD,DigiKey,18-0483003.DRCT-ND,3A/65V flink 1206 (63V-Anforderung: 437er-Serie schafft nur 35V)
48,1,IC1,MAX9926UAEE/V+,Analog Devices,MAX9926UAEE_V+,QSOP-16_3.9x4.9mm_P0.635mm,SMD,DigiKey,MAX9926UAEE/V+-ND,
49,3,"IC3,IC4,IC2",ZXMS6006DT8TA,Diodes Incorporated,ZXMS6006DT8,SOT153P700X170-8N,SMD,DigiKey,ZXMS6006DT8TADICT-ND,Last Time Buy 06.01.2027 - Bedarf sichern
50,1,IC5,LD1117S33CTR,STMicroelectronics,LD1117S33,SOT-223-3_TabPin2,SMD,DigiKey,497-1241-1-ND,
51,1,IC6,74AHCT125T14-13,Diodes Incorporated,74AHCT125T14-13,TSSOP-14_4.4x5mm_P0.65mm,SMD,DigiKey,31-74AHCT125T14-13CT-ND,
52,1,IC7,TPIC8101DWR,Texas Instruments,TPIC8101DW,SOIC-20W_7.5x12.8mm_P1.27mm,SMD,DigiKey,296-15132-1-ND,
53,1,J1,61300411121,Würth Elektronik,Conn_01x04,PinHeader_1x04_P2.54mm_Vertical,THT,DigiKey,732-5317-ND,
54,1,J2,6437288-3,TE Connectivity,,6437288-3,THT,DigiKey,A122211-ND,Gegenstueck/Kontakte separat beschaffen (SUPERSEAL 1.0 60-pol)
55,1,L1,SRR1260-100M,Bourns,Speicherdrossel 10µH 3.3A 12x12mm,Bourns_SRR1260,SMD,DigiKey,SRR1260-100MCT-ND,
56,1,L2,SRR1260A-8R2Y,Bourns,Speicherdrossel 8.2µH 5A 12x12mm,Bourns_SRR1260,SMD,DigiKey,SRR1260A-8R2YCT-ND,"AEC-Q200-A-Serie, Irms 5.7A"
57,4,"Q4,Q1,Q3,Q2",ISL9V5036P3-F085,onsemi,ISL9V5036P3-F085,TO254P470X1016X2019-3P,THT,DigiKey,ISL9V5036P3-F085-ND,
58,1,Q5,BSS138,onsemi,BSS138,SOT-23,SMD,DigiKey,BSS138CT-ND,
59,1,Q6,SQM120N06-3M5L_GE3,Vishay Siliconix,SQM120N06-3M5L,TO-263-2,SMD,DigiKey,SQM120N06-3M5L_GE3CT-ND,Ersatz: SQJ973EP existiert nicht; N-Kanal 60V 3.5mOhm fuer LM74700-Ideal-Diode
60,18,"R1,R92,R122,R18,R17,R63,R75,R124,R51,R40,R52,R41,R95,R93,R96,R94,R97,R98",RC0805FR-071KL,Yageo,Widerstand 1k ±1% 0.125W 0805,0805,SMD,DigiKey,311-1.00KCRCT-ND,
61,2,"R7,R6",RC0805FR-0760R4L,Yageo,Widerstand 60.4R ±1% 0.125W 0805,0805,SMD,DigiKey,311-60.4CRCT-ND,
62,4,"R13,R20,R19,R11",RC0805JR-070RL,Yageo,Widerstand 0R ±5% 0.125W 0805,0805,SMD,DigiKey,311-0.0ARCT-ND,
63,4,"R23,R24,R25,R26",RC1206FR-7W10KL,Yageo,Widerstand 10k ±1% 0.25W 1206 AEC-Q200,1206,SMD,DigiKey,13-RC1206FR-7W10KLTR-ND,
64,4,"R29,R53,R28,R54",RC0805FR-7W33RL,Yageo,Widerstand 33 ±1% 0.125W 0805 AEC-Q200,0805,SMD,DigiKey,13-RC0805FR-7W33RLCT-ND,
65,1,R30,WSL2512R0200FEA,Vishay Dale,Shunt 20m ±1% 1W 2512,2512,SMD,DigiKey,WSLG-.02CT-ND,
66,8,"R42,R45,R38,R36,R44,R39,R43,R37",RC1206FR-0718KL,Yageo,Widerstand 18k ±1% 0.25W 1206,1206,SMD,DigiKey,311-18.0KFRCT-ND,
67,4,"R46,R49,R48,R47",RC0805FR-074K02L,Yageo,Widerstand 4.02k ±1% 0.125W 0805,0805,SMD,DigiKey,311-4.02KCRCT-ND,
68,10,"R50,R104,R99,R100,R103,R101,R112,R108,R109,R102",RC0805FR-07100KL,Yageo,Widerstand 100k ±1% 0.125W 0805,0805,SMD,DigiKey,311-100KCRCT-ND,
69,2,"R56,R55",RC0805FR-072K49L,Yageo,Widerstand 2k49 ±1% 0.125W 0805,0805,SMD,DigiKey,311-2.49KCRCT-ND,
70,1,R72,RC0805FR-0747KL,Yageo,Widerstand 47k ±1% 0.125W 0805,0805,SMD,DigiKey,311-47.0KCRCT-ND,
71,7,"R83,R87,R88,R82,R66,R64,R65",RC0805FR-0712KL,Yageo,Widerstand 12k ±1% 0.125W 0805,0805,SMD,DigiKey,311-12.0KCRCT-ND,
72,5,"R84,R85,R67,R69,R68",RC0805FR-0720KL,Yageo,Widerstand 20k ±1% 0.125W 0805,0805,SMD,DigiKey,311-20.0KCRCT-ND,
73,12,"R86,R77,R76,R120,R12,R14,R61,R60,R62,R58,R59,R70",RC0805FR-07470RL,Yageo,Widerstand 470R ±1% 0.125W 0805,0805,SMD,DigiKey,311-470CRCT-ND,
74,24,"R89,R80,R79,R78,R81,R71,R74,R73,R8,R5,R4,R3,R2,R123,R35,R34,R31,R32,R33,R27,R106,R110,R113,R111",RC0805FR-0710KL,Yageo,Widerstand 10k ±1% 0.125W 0805,0805,SMD,DigiKey,311-10.0KCRCT-ND,
75,1,R90,RC0805FR-075K6L,Yageo,Widerstand 5k6 ±1% 0.125W 0805,0805,SMD,DigiKey,311-5.60KCRCT-ND,
76,1,R91,RC0805FR-071ML,Yageo,Widerstand 1M ±1% 0.125W 0805,0805,SMD,DigiKey,311-1.00MCRCT-ND,
77,1,R105,RC0805FR-0715KL,Yageo,Widerstand 15k ±1% 0.125W 0805,0805,SMD,DigiKey,311-15.0KCRCT-ND,
78,1,R107,RC0805FR-07330KL,Yageo,Widerstand 330k ±1% 0.125W 0805,0805,SMD,DigiKey,311-330KCRCT-ND,
79,1,R114,RC0805FR-07237KL,Yageo,Widerstand 237k ±1% 0.125W 0805,0805,SMD,DigiKey,311-237KCRCT-ND,
80,1,R115,RC0805FR-0756K2L,Yageo,Widerstand 56k2 ±1% 0.125W 0805,0805,SMD,DigiKey,311-56.2KCRCT-ND,
81,1,R116,RC0805FR-07162KL,Yageo,Widerstand 162k ±1% 0.125W 0805,0805,SMD,DigiKey,311-162KCRCT-ND,
82,1,R117,RC0805FR-0753K6L,Yageo,Widerstand 53k6 ±1% 0.125W 0805,0805,SMD,DigiKey,311-53.6KCRCT-ND,
83,1,R118,RC0805FR-0710K2L,Yageo,Widerstand 10k2 ±1% 0.125W 0805,0805,SMD,DigiKey,311-10.2KCRCT-ND,
84,1,R119,RC0805FR-0713KL,Yageo,Widerstand 13k ±1% 0.125W 0805,0805,SMD,DigiKey,311-13.0KCRCT-ND,
85,2,"R121,R57",RC0805FR-072K2L,Yageo,Widerstand 2k2 ±1% 0.125W 0805,0805,SMD,DigiKey,311-2.20KCRCT-ND,
86,1,R125,RC0805FR-072KL,Yageo,Widerstand 2k ±1% 0.125W 0805,0805,SMD,DigiKey,311-2.00KCRCT-ND,
87,4,"R129,R130,R128,R127",RC0805FR-07100KL,Yageo,Widerstand RC0805FR-07100KL ±1% 0.125W 0805,0805,SMD,DigiKey,311-100KCRCT-ND,
88,3,"R131,R132,R126",RC0805FR-071ML,Yageo,Widerstand RC0805FR-071ML ±1% 0.125W 0805,0805,SMD,DigiKey,311-1.00MCRCT-ND,
89,1,U1,DEV-16771,SparkFun (PJRC),Teensy4.1,Teensy41,SMD,DigiKey,1568-16771-ND,
90,1,U2,W25Q32RVCSJQ TR,Winbond,W25Q32JVSS,SOIC-8_5.3x5.3mm_P1.27mm,SMD,DigiKey,256-W25Q32RVCSJQTR-ND,Nur ~39 St. bei DigiKey; Alternative W25Q32JVSSIQ via Mouser
91,1,U3,MCP2562-E/SN,Microchip Technology,MCP2562-E-SN,SOIC-8_3.9x4.9mm_P1.27mm,SMD,DigiKey,MCP2562-E/SN-ND,
92,1,U4,SN74AHC1G32DCKR,Texas Instruments,74AHC1G32,SOT-353_SC-70-5,SMD,DigiKey,296-8749-1-ND,
93,1,U5,ADXL343BCCZ-RL,Analog Devices,ADXL343,LGA-14_3x5mm_P0.8mm_LayoutBorder1x6y,SMD,DigiKey,ADXL343BCCZ-RLCT-ND,
94,1,U6,USBLC6-2SC6,STMicroelectronics,USBLC6-2SC6,SOT-23-6,SMD,DigiKey,497-5235-1-ND,
95,1,U7,MCZ33810EK,NXP,MC33810,SOIC32-P0.65-33N,SMD,DigiKey,MCZ33810EK-ND,Last Time Buy 30.04.2027 - Bedarf sichern
96,1,U8,TPS3823-33DBVR,Texas Instruments,TPS3823-33DBV,SOT-23-5,SMD,DigiKey,296-1357-1-ND,
97,1,U9,SN74LVC1G00DCKR,Texas Instruments,74LVC1G00,SOT-353_SC-70-5,SMD,DigiKey,296-9846-1-ND,
98,2,"U11,U10",LMV324IDR,Texas Instruments,LMV324,SOIC-14_3.9x8.7mm_P1.27mm,SMD,DigiKey,296-9569-1-ND,
99,1,U12,DRV8434APWPR,Texas Instruments,DRV8434A,HTSSOP-28-1EP_4.4x9.7mm_P0.65mm_EP2.85x5.4mm_ThermalVias,SMD,DigiKey,296-DRV8434APWPRCT-ND,
100,2,"U13,U14",BTF3050TEATMA1,Infineon,BTF3050TE,TO-252-5_TabPin3,SMD,DigiKey,BTF3050TEATMA1CT-ND,
101,1,U15,LM74700QDBVRQ1,Texas Instruments,LM74700-Q1,SOT-23-6,SMD,DigiKey,296-LM74700QDBVRQ1CT-ND,
102,1,U16,TPS54360BQDDARQ1,Texas Instruments,TPS54360B-Q1,HSOP-8-1EP_3.9x4.9mm_P1.27mm_EP2.41x3.1mm_ThermalVias,SMD,DigiKey,296-46985-1-ND,
103,1,U17,TPS7B6950QDCYRQ1,Texas Instruments,TPS7B6950-Q1,SOT-223-3_TabPin2,SMD,DigiKey,296-40985-1-ND,
104,1,U18,SN74LVC1G125DCKR,Texas Instruments,74LVC1G125,SOT-353_SC-70-5,SMD,DigiKey,296-11604-1-ND,
105,1,Y1,CSTCR4M00G53-R0,Murata,CSTCR4M00G53-R0,Resonator_SMD_Murata_CSTCR_4.5x2x1.15mm,SMD,DigiKey,490-1200-1-ND,
